<?xml version="1.0"?>
<doc>
    <assembly>
        <name>Siger.ApiConfig</name>
    </assembly>
    <members>
        <member name="T:Siger.ApiConfig.Controller.BusinessController">
            <summary>
            供应商
            </summary>
        </member>
        <member name="M:Siger.ApiConfig.Controller.BusinessController.#ctor(Siger.Middlelayer.Repository.Repositories.Interface.Isiger_wms_bussinese_contactsRepository,Siger.Middlelayer.Repository.Repositories.Interface.Isiger_wms_areaRepository,Siger.Middlelayer.Repository.IUnitOfWork)">
            <summary>
            
            </summary>
            <param name="business"></param>
            <param name="area"></param>
            <param name="unitOfWork"></param>
        </member>
        <member name="M:Siger.ApiConfig.Controller.BusinessController.GetBusinessList(System.Int32,System.String,Siger.Middlelayer.Common.ModuleEnum.WMSEnum,System.Int32,System.Int32,System.Int32)">
            <summary>
            获取供应商列表、获取客户列表
            </summary>
            <returns></returns>
        </member>
        <member name="M:Siger.ApiConfig.Controller.BusinessController.GetSupplierNameList(Siger.Middlelayer.Common.ModuleEnum.WMSEnum)">
            <summary>
            供应商名称列表
            </summary>
            <returns></returns>
        </member>
        <member name="M:Siger.ApiConfig.Controller.BusinessController.GetDunsList">
            <summary>
            供应商Duns
            </summary>
            <returns></returns>
        </member>
        <member name="M:Siger.ApiConfig.Controller.BusinessController.GetAreaType(Siger.Middlelayer.Common.ModuleEnum.WMSEnum)">
            <summary>
            获取所有客户类型列表
            </summary>
            <returns></returns>
        </member>
        <member name="M:Siger.ApiConfig.Controller.BusinessController.ConvertToTree(System.Collections.Generic.IEnumerable{Siger.Middlelayer.Repository.Data.LevelSectionTree})">
            <summary>
            
            </summary>
            <param name="models"></param>
            <returns></returns>
        </member>
        <member name="M:Siger.ApiConfig.Controller.BusinessController.GetLastAreaType">
            <summary>
            获取最后一级客户类型列表
            </summary>
            <returns></returns>
        </member>
        <member name="M:Siger.ApiConfig.Controller.BusinessController.AddBusiness(Siger.Middlelayer.Repository.Request.RequestAddBusiness)">
            <summary>
            新增供应商、客户记录
            </summary>
            <returns></returns>
        </member>
        <member name="M:Siger.ApiConfig.Controller.BusinessController.DelBusiness(Siger.Middlelayer.Repository.Request.RequestDelBusiness)">
            <summary>
            删除供应商、客户记录,禁用
            </summary>
            <returns></returns>
        </member>
        <member name="M:Siger.ApiConfig.Controller.BusinessController.UpdateBusiness(Siger.Middlelayer.Repository.Request.RequestUpdateBusiness)">
            <summary>
            更新供应商、客户记录
            </summary>
            <returns></returns>
        </member>
        <member name="M:Siger.ApiConfig.Controller.BusinessController.ImportBusiness">
            <summary>
            导入客户记录
            </summary>
            <returns></returns>
        </member>
        <member name="M:Siger.ApiConfig.Controller.BusinessController.ExportBusiness(System.String,Siger.Middlelayer.Common.ModuleEnum.WMSEnum,System.Int32)">
            <summary>
            导出供应商、客户记录
            </summary>
            <returns></returns>
        </member>
        <member name="M:Siger.ApiConfig.Controller.ClientVersionController.DownloadFile(System.Int32)">
            <summary>
            下载文件
            </summary>
            <param name="id"></param>
            <returns></returns>
        </member>
        <member name="M:Siger.ApiConfig.Controller.DictController.Getlist(System.String,System.String,System.String,System.String,System.String,System.Int32,System.Int32)">
            <summary>
            字典查询
            </summary>
            <returns></returns>
        </member>
        <member name="M:Siger.ApiConfig.Controller.DictController.Add(Siger.Middlelayer.Repository.Request.RequestDict)">
            <summary>
             添加DICT 字典
            </summary>
            <param name="dict"></param>
            <returns></returns>
        </member>
        <member name="M:Siger.ApiConfig.Controller.DictController.Modify(Siger.Middlelayer.Repository.Request.RequestModifyDict)">
            <summary>
            修改字典
            </summary>
            <param name="dict"></param>
            <returns></returns>
        </member>
        <member name="M:Siger.ApiConfig.Controller.DocumentController.GetMachineDocTypes(System.String,System.Int32,System.Int32)">
            <summary>
            获取设备文档类型
            </summary>
            <param name="title">文档类型名称</param>
            <param name="page">页码不等于0开启分页</param>
            <param name="pagesize"></param>
            <returns></returns>
        </member>
        <member name="M:Siger.ApiConfig.Controller.DocumentController.SetMachineDocType(Siger.Middlelayer.Repository.Request.RequestDocumentType)">
            <summary>
            修改添加设备文档类型
            </summary>
            <param name="request"></param>
            <returns></returns>
        </member>
        <member name="M:Siger.ApiConfig.Controller.DocumentController.DelMachineDocType(System.String)">
            <summary>
            删除设备文档类型
            </summary>
            <param name="ids">要删除的ids</param>
            <returns></returns>
        </member>
        <member name="M:Siger.ApiConfig.Controller.EmailController.GetEmailCfg">
            <summary>
            获取发件配置
            </summary>
            <returns></returns>
        </member>
        <member name="M:Siger.ApiConfig.Controller.EmailController.ModifyEmailCfg(Siger.Middlelayer.Repository.Request.RequestEmailCfg)">
            <summary>
            编辑
            </summary>
            <param name="emailCfg"></param>
            <returns></returns>
        </member>
        <member name="M:Siger.ApiConfig.Controller.EmailController.GetUnSettingMachine(System.String)">
            <summary>
            未绑定设备
            </summary>
            <param name="title"></param>
            <returns></returns>
        </member>
        <member name="M:Siger.ApiConfig.Controller.EmailController.SettingMachineEmail(Siger.Middlelayer.Repository.Request.RequestSettingMachineEmail)">
            <summary>
            保存 设备邮箱设置
            </summary>
            <param name="requestSetting"></param>
            <returns></returns>
        </member>
        <member name="M:Siger.ApiConfig.Controller.EmailController.Settinglist(System.Int32,System.Int32,System.Int32)">
            <summary>
            配置列表
            </summary>
            <param name="section"></param>
            <param name="page"></param>
            <param name="pageSize"></param>
            <returns></returns>
        </member>
        <member name="M:Siger.ApiConfig.Controller.EmailController.ModifySettingMachine(Siger.Middlelayer.Repository.Request.RequestModifySettingMachineEmail)">
            <summary>
            编辑
            </summary>
            <param name="requestModify"></param>
            <returns></returns>
        </member>
        <member name="M:Siger.ApiConfig.Controller.EmailController.DelSettingMachine(System.Int32)">
            <summary>
            删除
            </summary>
            <param name="id"></param>
            <returns></returns>
        </member>
        <member name="M:Siger.ApiConfig.Controller.EmailController.SendEmail(Siger.Middlelayer.Repository.Request.RequestSettingMail)">
            <summary>
            测试发送
            </summary>
            <param name="mail"></param>
            <returns></returns>
        </member>
        <member name="M:Siger.ApiConfig.Controller.HwAuthController.#ctor">
            <summary>
            华为认证
            </summary>
        </member>
        <member name="P:Siger.ApiConfig.Controller.HwAuthController.NewInstanceResponseModel.encryptType">
             <summary>
            默认 AES256_CBC_PKCS5Padding 
             AES128_CBC_PKCS5Padding
             </summary>
        </member>
        <member name="M:Siger.ApiConfig.Controller.HwAuthController.AppUser.EncryptUserName(System.String,System.String)">
            <summary>
            加密用户名
            </summary>
            <param name="accessKey"></param>
            <param name="userName"></param>
        </member>
        <member name="M:Siger.ApiConfig.Controller.HwAuthController.AppUser.EncryptPassword(System.String,System.String)">
            <summary>
            加密密码
            </summary>
            <param name="accessKey"></param>
            <param name="password"></param>
        </member>
        <member name="M:Siger.ApiConfig.Controller.LicenseController.CreateTable(Siger.Middlelayer.Repository.Request.RequestCreateTabel)">
            <summary>
            创建mysql项目表
            </summary>
            <param name="request"></param>
            <returns></returns>
        </member>
        <member name="M:Siger.ApiConfig.Controller.LicenseController.CreateHBaseTable(Siger.Middlelayer.Repository.Request.RequestCreateTabel)">
            <summary>
            创建HBase表空间
            </summary>
            <param name="request"></param>
            <returns></returns>
        </member>
        <member name="M:Siger.ApiConfig.Controller.LoginController.UpdateUserAppKey(System.Int32,System.String,System.Int32)">
            <summary>
            手机端登录后，更新appkey
            </summary>
            <param name="mid"></param>
            <param name="appkey"></param>
            <param name="projectId"></param>
        </member>
        <member name="M:Siger.ApiConfig.Controller.MachineAttributionController.GetMachineByAttribution(System.Int32)">
            <summary>
            通过设备属性获取对应设备信息
            </summary>
            <param name="attribution"></param>
            <returns></returns>
        </member>
        <member name="M:Siger.ApiConfig.Controller.MachineController.GetMachineIdByCode(Siger.Middlelayer.Repository.Request.RequestGetMachineIdByCode)">
            <summary>
            根据资产编号获取设备id
            </summary>
            <param name="req"></param>
            <returns></returns>
        </member>
        <member name="M:Siger.ApiConfig.Controller.MachineController.GetMachineNameById(System.Int32)">
            <summary>
            根据设备id获取设备名称
            </summary>
            <param name="id"></param>
            <returns></returns>
        </member>
        <member name="M:Siger.ApiConfig.Controller.MachineController.CheckVaildMachine(Siger.Middlelayer.Repository.Request.RequestCheckMachine)">
            <summary>
            手机app端检查设备有效性
            </summary>
            <param name="req"></param>
            <returns></returns>
        </member>
        <member name="M:Siger.ApiConfig.Controller.MachineController.CheckVaildMachineForTpm(Siger.Middlelayer.Repository.Request.RequestCheckMachine)">
            <summary>
            手机app端检查设备有效性
            </summary>
            <param name="req"></param>
            <returns></returns>
        </member>
        <member name="M:Siger.ApiConfig.Controller.MaterialController.GetMaterialData(System.String,System.String,System.Int32)">
            <summary>
            获取物料信息
            </summary>
            <param name="pn">物料编号</param>
            <param name="name">物料名称</param>
            <param name="count">个数</param>
            <returns></returns>
        </member>
        <member name="M:Siger.ApiConfig.Controller.MaterialController.GetMaterials(System.String,System.String,System.Int32,System.Int32,System.Int32,System.Int32)">
            <summary>
            获取物料信息(详细版)
            </summary>
            <param name="pn"></param>
            <param name="name"></param>
            <param name="count"></param>
            <param name="exp"></param>
            <param name="typeid"></param>
            <param name="supplierId"></param>
            <returns></returns>
        </member>
        <member name="M:Siger.ApiConfig.Controller.MaterialController.GetMaterialByProcut(System.Int32)">
            <summary>
            获取产品 物料
            </summary>
            <param name="productId"></param>
            <returns></returns>
        </member>
        <member name="M:Siger.ApiConfig.Controller.MaterialsController.GetMaterialTypeAllParent(System.Int32,System.Collections.Generic.List{Siger.Middlelayer.Repository.Entities.siger_tr_material_type})">
            <summary>
            获取全部层级组成的tcode字符串
            </summary>
            <param name="parentid"></param>
            <param name="entities"></param>
            <returns></returns>
        </member>
        <member name="M:Siger.ApiConfig.Controller.MaterialsController.GetSuppliers">
            <summary>
            获取WMS供应商列表
            </summary>
            <returns></returns>
        </member>
        <member name="M:Siger.ApiConfig.Controller.MaterialTypeController.GetMaterialTypeDepth(System.Int32,System.Int32,System.Int32)">
            <summary>
            获取深度-超过4层不能添加
            </summary>
            <returns></returns>
        </member>
        <member name="M:Siger.ApiConfig.Controller.MaterialTypeController.ExportAll(System.Int32)">
            <summary>
            导出物料类别
            </summary>
            <returns></returns>
        </member>
        <member name="M:Siger.ApiConfig.Controller.MaterialTypeController.GetLastLevelType">
            <summary>
            返回所有最后一层级的物料类别
            </summary>
            <returns></returns>
        </member>
        <member name="M:Siger.ApiConfig.Controller.MonthReportController.AddReportConfig(Siger.Middlelayer.Repository.Request.RequestAddReportConfig)">
            <summary>
            添加配置
            </summary>
            <returns></returns>
        </member>
        <member name="M:Siger.ApiConfig.Controller.MonthReportController.GetSectionTreeForMonthReport(System.Int32,System.Int32,System.Int32)">
            <summary>
            取产线层级
            </summary>
            <returns></returns>
        </member>
        <member name="M:Siger.ApiConfig.Controller.MonthReportController.GetAllLines">
            <summary>
            获取倒数第二层产线结构
            </summary>
            <returns></returns>
        </member>
        <member name="M:Siger.ApiConfig.Controller.MonthReportRecordController.DownloadReport(System.Int32)">
            <summary>
            下载文件
            </summary>
            <param name="id"></param>
            <returns></returns>
        </member>
        <member name="M:Siger.ApiConfig.Controller.ParameterController.Delete(System.String)">
            <summary>
            删除参数
            </summary>
            <param name="id"></param>
            <returns></returns>
        </member>
        <member name="M:Siger.ApiConfig.Controller.ProjectController.GetUser(System.Int32)">
            <summary>
            查询项目 人员
            </summary>
            <param name="type"> 0：项目负责人 1, 项目销售</param>
            <returns></returns>
        </member>
        <member name="M:Siger.ApiConfig.Controller.ProjectLevelSectionController.GetSectionSelect(System.Int32,System.Int32)">
            <summary>
            
            </summary>
            <param name="reverselevel">倒数层数=>1工位 =>2工站 =>3产线</param>
            <param name="parentid"></param>
            <returns></returns>
        </member>
        <member name="M:Siger.ApiConfig.Controller.ProjectLevelSectionController.GetSectionTreeForUserSetting(System.Boolean)">
            <summary>
            取产线层级
            </summary>
            <returns></returns>
        </member>
        <member name="M:Siger.ApiConfig.Controller.ProjectLevelSectionController.GetSectionTree">
            <summary>
            Vue产线结构
            </summary>
            <returns></returns>
        </member>
        <member name="M:Siger.ApiConfig.Controller.ProjectLevelSectionController.GetLineLocation">
            <summary>
            APP-SKF 设备状态一览
            </summary>
            <returns></returns>
        </member>
        <member name="M:Siger.ApiConfig.Controller.ProjectLevelSectionController.GetLine">
            <summary>
            获取产线层级 （产线层级倒数第二级别)
            </summary>
            <returns></returns>
        </member>
        <member name="M:Siger.ApiConfig.Controller.ProjectLevelSectionController.GetStation(System.Int32)">
            <summary>
            获取产线层级 （产线层级倒数第一级别)
            </summary>
            <param name="line">产线ID</param>
            <returns></returns>
        </member>
        <member name="M:Siger.ApiConfig.Controller.ProjectProductController.GetProductsByCode(System.String,System.Int32)">
            <summary>
            获取产品信息
            </summary>
            <param name="name"></param>
            <param name="count"></param>
            <returns></returns>
        </member>
        <member name="M:Siger.ApiConfig.Controller.ProjectProductStructureController.GetProductTree(System.Int32,System.Int32,System.String)">
            <summary>
             Bom 结构树
            </summary>
            <param name="productId"></param>
            <param name="materialId"></param>
            <param name="productName"></param>
            <returns></returns>
        </member>
        <member name="M:Siger.ApiConfig.Controller.ProjectProductStructureController.Add(Siger.Middlelayer.Repository.Request.RequestAddProductstruct)">
            <summary>
            添加
            </summary>
            <param name="request"></param>
            <returns></returns>
        </member>
        <member name="M:Siger.ApiConfig.Controller.ProjectProductStructureController.Del(System.Int32)">
            <summary>
            删除
            </summary>
            <param name="id"></param>
            <returns></returns>
        </member>
        <member name="M:Siger.ApiConfig.Controller.ProjectUserController.GetCurrentUserInfoEx">
            <summary>
            Vue专用获取用户信息
            </summary>
            <returns></returns>
        </member>
        <member name="M:Siger.ApiConfig.Controller.ProjectUserController.GetUserDepartment(System.Int32)">
            <summary>
            获取部门信息
            </summary>
            <param name="type"> 1->生产部门 2->维修部门 3->质检部门 4->其他</param>
            <returns></returns>
        </member>
        <member name="M:Siger.ApiConfig.Controller.ProjectUserController.GetAllUserByCurrentProjectId(System.String,System.Int32,System.Int32)">
            <summary>
            获取人员信息
            </summary>
            <param name="name"></param>
            <param name="type"> 1->生产部门 2->维修部门 3->质检部门 4->其他</param>
            <param name="department"></param>
            <returns></returns>
        </member>
        <member name="M:Siger.ApiConfig.Controller.ProjectUserController.GetProductionUsers(System.Int32)">
            <summary>
            获取项目用户，type=1:生产部门 type=2:维修部门
            </summary>
            <param name="typeId"></param>
            <returns></returns>
        </member>
        <member name="M:Siger.ApiConfig.Controller.ProjectUserController.RefreshOnline">
            <summary>
            刷新在线时间
            </summary>
            <returns></returns>
        </member>
        <member name="M:Siger.ApiConfig.Controller.ProjectUserController.UpdatePassWord(Siger.Middlelayer.Repository.Request.RequestUpdatePassWord)">
            <summary>
            修改密码
            </summary>
            <returns></returns>
        </member>
        <member name="M:Siger.ApiConfig.Controller.ProjectUserController.GetProjectUserList(System.Int32,System.Int32)">
            <summary>
            <param name="type">用户类型0超级管理员1普通用户2管理员</param>
            <param name="section">部门属性 1 生产部门 2维修部门</param>
            <returns></returns>
            </summary> 
        </member>
        <member name="M:Siger.ApiConfig.Controller.UploadController.ImportProductStructure(System.String)">
            <summary>
            产品物料结构清单 -BOM
            </summary>
            <param name="temporaryFilePath"></param>
            <returns></returns>
        </member>
        <member name="M:Siger.ApiConfig.Controller.UploadController.ImportWorkingGroup(System.String)">
            <summary>
            导入班组
            </summary>
            <param name="temporaryFilePath"></param>
            <returns></returns>
        </member>
        <member name="M:Siger.ApiConfig.Controller.UserLevelController.ListMachineIdArrEx(System.Int32)">
            <summary>
            根据section获取所有machineid
            </summary>
            <param name="id"></param>
            <returns></returns>
        </member>
        <member name="M:Siger.ApiConfig.Controller.UserPowerController.GetMenu(System.String)">
            <summary>
            Vue菜单显示
            </summary>
            <param name="name"></param>
            <returns></returns>
        </member>
        <member name="M:Siger.ApiConfig.Controller.UserPowerController.GetMenuByChild(System.String,System.String)">
            <summary>
            根据三级菜单获取父级下的全部菜单
            </summary>
            <param name="name"></param>
            <param name="path"></param>
            <returns></returns>
        </member>
        <member name="M:Siger.ApiConfig.Controller.UserPowerController.GetAppMenu">
            <summary>
            App菜单显示
            </summary>
            <returns></returns>
        </member>
        <member name="M:Siger.ApiConfig.Controller.UserPowerController.GetModular">
            <summary>
            获取模块信息
            </summary>
            <returns></returns>
        </member>
        <member name="M:Siger.ApiConfig.Controller.WorkingCostController.GetData(Siger.Middlelayer.Repository.Request.RequestSearchWorkingCost)">
            <summary>
            获取工时费列表
            </summary>
            <param name="request"></param>
            <returns></returns>
        </member>
        <member name="M:Siger.ApiConfig.Controller.WorkingCostController.SetData(Siger.Middlelayer.Repository.Request.RequestAddWorkingCost)">
            <summary>
            修改添加工时费信息
            </summary>
            <param name="request"></param>
            <returns></returns>
        </member>
        <member name="M:Siger.ApiConfig.Controller.WorkingCostController.DelData(System.String)">
            <summary>
            删除工时费信息
            </summary>
            <param name="ids">要删除的ids</param>
            <returns></returns>
        </member>
        <member name="M:Siger.ApiConfig.Controller.WorkingCostController.GetUserGroup">
            <summary>
            获取维修部门岗位
            </summary>
            <returns></returns>
        </member>
        <member name="M:Siger.ApiConfig.Controller.WorkingGroupController.SetWorkingCalendar(System.String,System.String,System.Int32)">
            <summary>
            设置工作日历
            </summary>
        </member>
    </members>
</doc>
