<?xml version="1.0"?>
<doc>
    <assembly>
        <name>Siger.ApiDashboard</name>
    </assembly>
    <members>
        <member name="M:Siger.ApiDashboard.Controllers.DashboardAndonController.AndonExpectionPercentage(System.Int32,System.String,System.String)">
            <summary>
            oee圆圈
            </summary>
            <param name="section"></param>
            <param name="date"></param>
            <param name="start"></param>
            <returns></returns>
        </member>
        <member name="M:Siger.ApiDashboard.Controllers.DashboardAndonController.Top10Andon(System.Int32,System.String)">
            <summary>
            top10 andon order(care)
            </summary>
            <param name="section"></param>
            <param name="date"></param>
            <returns></returns>
        </member>
        <member name="M:Siger.ApiDashboard.Controllers.DashboardAndonController.StartDate(System.String)">
            <summary>
            查询时间
            </summary>
            <param name="date"></param>
            <returns></returns>
        </member>
        <member name="M:Siger.ApiDashboard.Controllers.DashboardAndonController.AndonInfo(System.Int32,System.String)">
            <summary>
            andon info data channel
            </summary>
            <param name="section"></param>
            <param name="date"></param>
            <returns></returns>
        </member>
        <member name="M:Siger.ApiDashboard.Controllers.DashboardAndonController.AndonInfoForMobile(System.Int32,System.String)">
            <summary>
            andon info data channel for mobile
            </summary>
            <param name="section"></param>
            <param name="date"></param>
            <returns></returns>
        </member>
        <member name="M:Siger.ApiDashboard.Controllers.DashboardAndonController.AndonInfoForFactory(System.String)">
            <summary>
            andon info data factory
            </summary>
            <param name="date"></param>
            <returns></returns>
        </member>
        <member name="M:Siger.ApiDashboard.Controllers.DashboardAndonController.SecondExpcectionTop5(System.String)">
            <summary>
            andon top5 expection
            </summary>
            <param name="date"></param>
            <returns></returns>
        </member>
        <member name="M:Siger.ApiDashboard.Controllers.DashboardAndonController.AndonHandleCost(System.String)">
            <summary>
            andon handle cost
            </summary>
            <param name="date"></param>
            <returns></returns>
        </member>
        <member name="M:Siger.ApiDashboard.Controllers.DashboardAndonController.AndonCount(System.String)">
            <summary>
            andon count
            </summary>
            <param name="date"></param>
            <returns></returns>
        </member>
        <member name="M:Siger.ApiDashboard.Controllers.DashboardAndonController.AndonGroupCount(System.String)">
            <summary>
            andon group count
            </summary>
            <param name="date"></param>
            <returns></returns>
        </member>
        <member name="M:Siger.ApiDashboard.Controllers.DashboardAndonController.GetAndonDetail(System.String)">
            <summary>
            andon detail data
            </summary>
            <param name="date"></param>
            <returns></returns>
        </member>
        <member name="M:Siger.ApiDashboard.Controllers.DashboardAndonController.GetAndonChannelData(System.String)">
            <summary>
            channel trigger
            </summary>
            <param name="date"></param>
            <returns></returns>
        </member>
        <member name="M:Siger.ApiDashboard.Controllers.DashboardAndonController.GetAndonChannelDataForMobile(System.String)">
            <summary>
            channel trigger for mobile
            </summary>
            <param name="date"></param>
            <returns></returns>
        </member>
        <member name="M:Siger.ApiDashboard.Controllers.DashboardAndonController.GetAndonMobile(System.String)">
            <summary>
            工单通道分布
            </summary>
            <param name="date"></param>
            <returns></returns>
        </member>
        <member name="M:Siger.ApiDashboard.Controllers.DashboardAndonController.GetAdnonSliceDetail(System.Int32,System.Int32,System.Int32,System.Int32)">
            <summary>
            slice detail
            </summary>
            <param name="section"></param>
            <param name="starttime"></param>
            <param name="endtime"></param>
            <param name="expectiontype"></param>
            <returns></returns>
        </member>
        <member name="M:Siger.ApiDashboard.Controllers.DashboardAndonController.GetAdnonSliceSum(System.Int32,System.Int32,System.Int32)">
            <summary>
            slice detail
            </summary>
            <param name="section"></param>
            <param name="starttime"></param>
            <param name="endtime"></param>
            <returns></returns>
        </member>
        <member name="T:Siger.ApiDashboard.Controllers.DashboardChanelController">
            <summary>
            通道 动态看板
            </summary>
        </member>
        <member name="M:Siger.ApiDashboard.Controllers.DashboardChanelController.GetProduceHour(System.Int32,System.String,System.String)">
            <summary>
            获取 每小时 产出 数据
            </summary>
            <param name="section">产线 ID</param>
            <param name="date"></param>
            <param name="starttime"></param>
            <returns></returns>
        </member>
        <member name="M:Siger.ApiDashboard.Controllers.DashboardChanelController.StartDate(System.String)">
            <summary>
            查询时间
            </summary>
            <param name="date"></param>
            <returns></returns>
        </member>
        <member name="M:Siger.ApiDashboard.Controllers.DashboardCnConfigController.#ctor(Siger.Middlelayer.Repository.IUnitOfWork,Siger.Middlelayer.DashboardRepository.Repositories.Interface.IDashboardCnSetRepository,Siger.Middlelayer.Repository.Repositories.Interface.ISigerProjectFactoryRepository,Siger.Middlelayer.KpiRespository.Repositories.Interface.ISigerKpiTasklist,Siger.Middlelayer.DashboardRepository.Repositories.Interface.IDashboardLevelRepository,Siger.Middlelayer.Repository.Repositories.Interface.ISigerProjectLevelSectionRepository,Siger.Middlelayer.DashboardRepository.Repositories.Interface.IDashboardFactoryChanel,Siger.Middlelayer.DashboardRepository.Repositories.Interface.IDashboardTotalSetRepository)">
            <inheritdoc />
        </member>
        <member name="M:Siger.ApiDashboard.Controllers.DashboardConfigController.#ctor(Siger.Middlelayer.Repository.IUnitOfWork,Siger.Middlelayer.Repository.Repositories.Interface.ISigerProjectMachineRepository,Siger.Middlelayer.DashboardRepository.Repositories.Interface.IDashboardCombRepository,Siger.Middlelayer.Repository.Repositories.Interface.IDashboardPageRepository,Siger.Middlelayer.DashboardRepository.Repositories.Interface.IDashboardCombPageRepository,Siger.Middlelayer.DashboardRepository.Repositories.Interface.IDashboardCombPageConditionRepository,Siger.Middlelayer.Repository.Repositories.Interface.IProductionConfigRepository,Siger.Middlelayer.Repository.Repositories.Interface.ISigerProjectLevelSectionRepository,Siger.Middlelayer.Repository.Repositories.Interface.ISigerProjectRepository,Siger.Middlelayer.Repository.Repositories.Interface.ISigerProjectLevelRepository,Siger.Middlelayer.QmsRepository.Repositories.Interface.IQmsSensorParameterRepository,Siger.Middlelayer.TpmRepository.Repositories.Interface.IPlanTimeRepository,Siger.Middlelayer.TpmRepository.Repositories.Interface.IRepairRepository,Siger.Middlelayer.TpmRepository.Repositories.Interface.IPlanSignRepository,Siger.Middlelayer.EsopRepository.Repositories.Interface.IEsopDocumentHistoryRepository,Siger.Middlelayer.Repository.Repositories.Interface.ISigerProjectMachineTypeRepository,Siger.Middlelayer.Repository.Repositories.Interface.ISigerProjectMachineExtendRepository)">
            <inheritdoc />
        </member>
        <member name="M:Siger.ApiDashboard.Controllers.DashboardConfigController.GetSectionTreeForDashboardOld(System.String)">
            <summary>
            取产线层级
            </summary>
            <returns></returns>
        </member>
        <member name="M:Siger.ApiDashboard.Controllers.DashboardConfigController.GetSectionTreeForDashboard(System.String,System.String)">
            <summary>
            取产线层级
            </summary>
            <returns></returns>
        </member>
        <member name="M:Siger.ApiDashboard.Controllers.DashboardConfigController.GetSectionTree(System.String,System.String)">
            <summary>
            Vue产线结构
            </summary>
            <returns></returns>
        </member>
        <member name="M:Siger.ApiDashboard.Controllers.DashboardConfigController.GetEditConditionList(System.Int32,System.Int32,System.Int32)">
            <summary>
            [EditConditionList]vue框架方法
            </summary>
            <param name="comb_id"></param>
            <param name="comb_page_id"></param>
            <param name="nc"></param>
            <returns></returns>
        </member>
        <member name="M:Siger.ApiDashboard.Controllers.DashboardConfigController.GetPagePatialCondtion(System.String)">
            <summary>
            [PagePatialCondtion]vue方法
            </summary>
            <param name="page_code"></param>
            <returns></returns>
        </member>
        <member name="M:Siger.ApiDashboard.Controllers.DashboardConfigController.GetMachineStateView(Siger.ApiDashboard.Result.RequestMachineLineState)">
            <summary>
            APP-SKF 设备状态一览
            </summary>
            <param name="req"></param>
            <returns></returns>
        </member>
        <member name="M:Siger.ApiDashboard.Controllers.DashboardConfigController.GetMachineStateDetail(System.String)">
            <summary>
            APP-skf 获取设备状态详情
            </summary>
            <param name="machineid"></param>
            <returns></returns>
        </member>
        <member name="M:Siger.ApiDashboard.Controllers.DashboardFactoryController.GetFactoryOee(System.Int32,System.String)">
            <summary>
            
            </summary>
            <param name="section"></param>
            <param name="date"></param>
            <returns></returns>
        </member>
        <member name="M:Siger.ApiDashboard.Controllers.DashboardFactoryController.GetFactoryAchievement(System.Int32,System.String)">
            <summary>
             各产线 /通道 标准达成率
            </summary>
            <param name="section">0 :所有产线</param>
            <param name="date"></param>
            <returns></returns>
        </member>
        <member name="M:Siger.ApiDashboard.Controllers.DashboardFactoryController.GetProductLogo">
            <summary>
            获取当前产品 和客户
            </summary>
            <returns></returns>
        </member>
        <member name="M:Siger.ApiDashboard.Controllers.DashboardLevelController.SaveFatoryConfig(Siger.Middlelayer.DashboardRepository.Request.RequestFactoryLevel)">
            <summary>
            工厂 页面配置
            </summary>
            <param name="factoryLevel"></param>
            <returns></returns>
        </member>
        <member name="M:Siger.ApiDashboard.Controllers.DashboardLevelController.SaveChanelConfig(Siger.Middlelayer.DashboardRepository.Request.RequestChanelLevel)">
            <summary>
            通道 页面配置
            </summary>
            <param name="requestChanelLevel"></param>
            <returns></returns>
        </member>
        <member name="M:Siger.ApiDashboard.Controllers.DashboardLevelController.SaveAndonConfig(Siger.Middlelayer.DashboardRepository.Request.RequestAndonLevel)">
            <summary>
            安灯 动态看板 配置
            </summary>
            <param name="requestAndonLevel"></param>
            <returns></returns>
        </member>
        <member name="M:Siger.ApiDashboard.Controllers.DashboardMachineGroupController.GetMachineGroup">
            <summary>
            获取自定义分组
            </summary>
            <returns></returns>
        </member>
        <member name="M:Siger.ApiDashboard.Controllers.DashboardQmsController.#ctor(Siger.Middlelayer.Repository.IUnitOfWork,Siger.Middlelayer.QmsRepository.Repositories.Interface.ICheckSnTraceMaterialRepository,Siger.Middlelayer.Repository.Repositories.Interface.ISigerProjectLevelRepository,Siger.Middlelayer.Repository.Repositories.Interface.ISigerProjectLevelSectionRepository,Siger.Middlelayer.QmsRepository.Repositories.Interface.ICheckSnTraceInspectionRepository,Siger.Middlelayer.Repository.Repositories.Interface.Isiger_wms_bussinese_contactsRepository,Siger.Middlelayer.TpmRepository.Repositories.Interface.ISigerAndonInfoRepository,Siger.Middlelayer.QmsRepository.Repositories.Interface.IQmsReworkDataRepository,Siger.Middlelayer.TpmRepository.Repositories.Interface.ISigerAndonExpectionTypeRepository,Siger.Middlelayer.Repository.Repositories.Interface.ISigerSystemConfigRepository,Siger.Middlelayer.DashboardRepository.Repositories.Interface.IDashboardFactoryChanel,Siger.Middlelayer.DashboardRepository.Repositories.Interface.IDashboardLevelRepository,Siger.Middlelayer.QmsRepository.Repositories.Interface.IInspectStandardRepository)">
            <inheritdoc />
        </member>
        <member name="M:Siger.ApiDashboard.Controllers.DashboardQmsController.GetChannelFtq(System.Int32,System.String)">
            <summary>
            ftq良率 分通道显示
            </summary>
            <returns></returns>
        </member>
        <member name="M:Siger.ApiDashboard.Controllers.DashboardQmsController.GetQmsChannelFtq">
            <summary>
            ftq良率 分通道显示
            </summary>
            <returns></returns>
        </member>
        <member name="M:Siger.ApiDashboard.Controllers.DashboardQmsController.GetFailureData">
            <summary>
            获取安灯数量
            </summary>
            <returns></returns>
        </member>
        <member name="M:Siger.ApiDashboard.Controllers.DashboardRepairController.#ctor(Siger.Middlelayer.Repository.Repositories.Interface.ISigerProjectMachineRepository,Siger.Middlelayer.Repository.Repositories.Interface.ISigerProjectUserRepository,Siger.Middlelayer.Repository.Repositories.Interface.ISigerProjectShiftRepository,Siger.Middlelayer.TpmRepository.Repositories.Interface.IRepairRepository,Siger.Middlelayer.TpmRepository.Repositories.Interface.IPlanRepository,Siger.Middlelayer.TpmRepository.Repositories.Interface.ISparepartRepository,Siger.Middlelayer.TpmRepository.Repositories.Interface.ISigerProjectSparepartOrderDetail,Siger.Middlelayer.TpmRepository.Repositories.Interface.IPlanSignRepository,Siger.Middlelayer.TpmRepository.Repositories.Interface.ISparepartTypeRepository,Siger.Middlelayer.TpmRepository.Repositories.Interface.ISigerAndonExpectionTypeRepository,Siger.Middlelayer.Repository.Repositories.Interface.ISigerProjectUserGroupRepository,Siger.Middlelayer.TpmRepository.Repositories.Interface.IPlanUsergroupLimitRepository)">
            <inheritdoc />
        </member>
        <member name="M:Siger.ApiDashboard.Controllers.DashboardRepairController.GetUserStateList(System.String)">
            <summary>
            获取维修班组状态
            </summary>
            <param name="usergroup"></param>
            <returns></returns>
        </member>
        <member name="M:Siger.ApiDashboard.Controllers.DashboardRepairController.GetMachineRepairSummary(System.String)">
            <summary>
            设备故障分析
            </summary>
            <param name="usergroup"></param>
            <returns></returns>
        </member>
        <member name="M:Siger.ApiDashboard.Controllers.DashboardRepairController.GetRepairList(System.String)">
            <summary>
            维修工单列表
            </summary>
            <param name="usergroup"></param>
            <returns></returns>
        </member>
        <member name="M:Siger.ApiDashboard.Controllers.DashboardRepairController.GetPlanList(System.String)">
            <summary>
            获取维护项目
            </summary>
            <param name="usergroup"></param>
            <returns></returns>
        </member>
        <member name="M:Siger.ApiDashboard.Controllers.DashboardRepairController.GetSparepares">
            <summary>
            获取备件。只展示电气和机械类的
            </summary>
            <returns></returns>
        </member>
        <member name="M:Siger.ApiDashboard.Controllers.DashboardRepairController.GetMttr(System.String)">
            <summary>
            平均修复时间
            </summary>
            <param name="usergroup"></param>
            <returns></returns>
        </member>
        <member name="M:Siger.ApiDashboard.Controllers.DashboardRepairController.GetDepartment(System.String)">
            <summary>
            获取sectionids(1全部2TS3非TS)
            </summary>
            <param name="department"></param>
            <returns></returns>
        </member>
        <member name="M:Siger.ApiDashboard.Controllers.DashboardShowController.#ctor(Siger.Middlelayer.DashboardRepository.Repositories.Interface.IDashboardCombRepository,Siger.Middlelayer.DashboardRepository.Repositories.Interface.IDashboardCombPageRepository,Siger.Middlelayer.DashboardRepository.Repositories.Interface.IDashboardCombPageConditionRepository,Siger.Middlelayer.Repository.Repositories.Interface.IDashboardPagePatialRepository,Siger.Middlelayer.CncRepository.Repositories.Interface.IProductPlanRepository,Siger.Middlelayer.CncRepository.Repositories.Interface.IProductionTimeRepository,Siger.Middlelayer.CncRepository.Repositories.Interface.IMachineParamAlarmRepository,Siger.Middlelayer.Repository.Repositories.Interface.ISigerProjectMachineRepository,Siger.Middlelayer.Repository.Repositories.Interface.IProductionConfigRepository,Siger.Middlelayer.CncRepository.Repositories.Interface.IProductionBeatSetRepository,Siger.Middlelayer.Repository.Repositories.Interface.ISigerProjectRepository,Siger.Middlelayer.TpmRepository.Repositories.Interface.IRepairRepository,Siger.Middlelayer.Repository.Repositories.Interface.ISigerProjectUserRepository,Siger.Middlelayer.WmsRepository.Repositories.Interface.Isiger_wms_stockRepository,Siger.Middlelayer.AccRepository.Repositories.Interface.ISigerTrSnTraceDetailsRepository,Siger.Middlelayer.AccRepository.Repositories.Interface.ISigerCheckItem,Siger.Middlelayer.Repository.Repositories.Interface.ISigerProjectLevelSectionMachineRepository,Siger.Middlelayer.QmsRepository.Repositories.Interface.IQmsSensorParameterRepository,Siger.Middlelayer.Repository.Repositories.Interface.ISigerProjectLevelSectionRepository,Siger.Middlelayer.TpmRepository.Repositories.Interface.IPlanTimeRepository,Siger.Middlelayer.TpmRepository.Repositories.Interface.IPlanRepository,Siger.Middlelayer.TpmRepository.Repositories.Interface.IFaultTypeRepository,Siger.Middlelayer.TpmRepository.Repositories.Interface.ISparepartRepository,Siger.Middlelayer.Repository.Repositories.Interface.ISigerProjectMachineExtendRepository,Siger.Middlelayer.TpmRepository.Repositories.Interface.IPlanSignRepository,Siger.Middlelayer.Repository.Repositories.Interface.ISigerProjectMachineTypeRepository,Siger.Middlelayer.QmsRepository.Repositories.Interface.IQmsSensorTypeRepository,Siger.Middlelayer.DashboardRepository.Repositories.Interface.IDashboardMachineGroupRepository,Siger.Middlelayer.Repository.Repositories.Interface.ISigerSystemConfigRepository)">
            <inheritdoc />
        </member>
        <member name="M:Siger.ApiDashboard.Controllers.DashboardShowController.GetSectionId(System.Int32)">
            <summary>
            获取产线层级
            </summary>
            <param name="sectionId"></param>
            <returns></returns>
        </member>
        <member name="M:Siger.ApiDashboard.Controllers.DashboardShowController.GetDieCastingBoard1(System.String,System.Int32)">
            <summary>
            利达大屏,左侧熔炉
            </summary>
            <returns></returns>
        </member>
        <member name="M:Siger.ApiDashboard.Controllers.DashboardShowController.GetDieCastingBoard2(System.String,System.Int32)">
            <summary>
            利达压铸大屏，左侧压铸机
            </summary>
            <returns></returns>
        </member>
        <member name="M:Siger.ApiDashboard.Controllers.DashboardShowController.GetAccQuantityDisplay(System.Int32,System.String,System.Int32)">
            <summary>
            MTS 质量看板 item 移动极值图
            </summary>
            <returns></returns>
        </member>
        <member name="M:Siger.ApiDashboard.Controllers.DashboardShowController.ConvertValue(System.Collections.Generic.List{System.String})">
            <summary>
             转换类型
            </summary>
            <param name="Source"></param>
            <returns></returns>
        </member>
        <member name="M:Siger.ApiDashboard.Controllers.DashboardShowController.GetRigStatusMonitor(System.Int32,System.String)">
            <summary>
            SKF设备看板(传pid)
            </summary>
            <returns></returns>
        </member>
        <member name="M:Siger.ApiDashboard.Controllers.DashboardShowController.KpiTrendMTTR(System.Int32)">
            <summary>
            MTTR
            </summary>
            <returns></returns>
        </member>
        <member name="M:Siger.ApiDashboard.Controllers.DashboardShowController.KpiTrendRepairTimes(System.Int32)">
            <summary>
            RepairTimes
            </summary>
            <returns></returns>
        </member>
        <member name="M:Siger.ApiDashboard.Controllers.DashboardShowController.KpiTrendUtlization(System.Int32)">
            <summary>
            Utlization
            </summary>
            <param name="projectid"></param>
            <returns></returns>
        </member>
        <member name="M:Siger.ApiDashboard.Controllers.DashboardShowController.KpiTrendCalibrationTime(System.Int32)">
            <summary>
            CalibrationTime
            </summary>
            <param name="projectid"></param>
            <returns></returns>
        </member>
        <member name="M:Siger.ApiDashboard.Controllers.DashboardShowController.GetMachineMTTRBF(System.DateTime,System.DateTime,System.Collections.Generic.IEnumerable{Siger.Middlelayer.Repository.Data.Tpm.RepairListForMTTR},System.Int32,System.Int32)">
            <summary>
            故障率和使用率
            </summary>
            <param name="start"></param>
            <param name="end"></param>
            <param name="list"></param>
            <param name="interal"></param>
            <param name="type">1: MTTR 2: MTBF</param>
            <returns></returns>
        </member>
        <member name="M:Siger.ApiDashboard.Controllers.DashboardSumController.GetSumKpis(System.DateTime,System.DateTime)">
            <summary>
            Kpi 数据
            </summary>
            <param name="begin"></param>
            <param name="end"></param>
            <returns></returns>
        </member>
        <member name="M:Siger.ApiDashboard.Controllers.DashboardTlmController.ToolPreparationList">
            <summary>
            产品备刀列表
            </summary>
            <returns></returns>
        </member>
        <member name="M:Siger.ApiDashboard.Controllers.DashboardTlmController.GetStockAlarm">
            <summary>
            刀具库存报警
            </summary>
            <returns></returns>
        </member>
        <member name="M:Siger.ApiDashboard.Controllers.DashboardTlmController.GetToolUse">
            <summary>
            刀具使用量
            </summary>
            <returns></returns>
        </member>
        <member name="M:Siger.ApiDashboard.Controllers.DashboardTlmController.GetTooLifeData">
            <summary>
            刀具寿命预警
            </summary>
            <returns></returns>
        </member>
        <member name="M:Siger.ApiDashboard.Controllers.DashboardTlmController.SetToolData(Siger.Middlelayer.DashboardRepository.Request.RequestSetToolData)">
            <summary>
            刀具寿命设置
            </summary>
            <param name="request"></param>
            <returns></returns>
        </member>
        <member name="M:Siger.ApiDashboard.Controllers.DashboardTotalController.GetRate(Siger.Middlelayer.DashboardRepository.Request.RequestTotalRate)">
            <summary>
            
            </summary>
            <param name="request"></param>
            <returns></returns>
        </member>
        <member name="M:Siger.ApiDashboard.Controllers.DashboardTotalController.UpdRate(Siger.Middlelayer.DashboardRepository.Request.RequestTotalRecord)">
            <summary>
            
            </summary>
            <param name="request"></param>
            <returns></returns>
        </member>
        <member name="T:Siger.ApiDashboard.Result.AccQuantityDisplay">
            <summary>
            MTS 质量看板
            </summary>
        </member>
        <member name="T:Siger.ApiDashboard.Result.AccQualityDataleftbottom">
            <summary>
            
            </summary>
        </member>
        <member name="T:Siger.ApiDashboard.Result.AccQualityDataleftmiddle">
            <summary>
            
            </summary>
        </member>
        <member name="T:Siger.ApiDashboard.Result.AccQualityDatarightbottomleft">
            <summary>
            
            </summary>
        </member>
        <member name="T:Siger.ApiDashboard.Result.AccQualityDatarightbottomright">
            <summary>
            
            </summary>
        </member>
        <member name="T:Siger.ApiDashboard.Result.DashBoardResult">
            <inheritdoc />
        </member>
        <member name="T:Siger.ApiDashboard.Result.Dashboard11Result">
            <inheritdoc />
        </member>
        <member name="M:Siger.ApiDashboard.Result.Dashboard11Result.#ctor">
            <inheritdoc />
        </member>
        <member name="T:Siger.ApiDashboard.Result.Dashboard13Result">
            <inheritdoc />
        </member>
        <member name="M:Siger.ApiDashboard.Result.Dashboard13Result.#ctor">
            <inheritdoc />
        </member>
        <member name="T:Siger.ApiDashboard.Result.Dashboard14Result">
            <inheritdoc />
        </member>
        <member name="M:Siger.ApiDashboard.Result.Dashboard14Result.#ctor">
            <inheritdoc />
        </member>
        <member name="T:Siger.ApiDashboard.Result.DashboardListMachineYieldBySignResult">
            <inheritdoc />
        </member>
        <member name="M:Siger.ApiDashboard.Result.DashboardListMachineYieldBySignResult.#ctor">
            <inheritdoc />
        </member>
        <member name="T:Siger.ApiDashboard.Result.DashboardMachineRunningStateResult">
            <inheritdoc />
        </member>
        <member name="M:Siger.ApiDashboard.Result.DashboardMachineRunningStateResult.#ctor">
            <inheritdoc />
        </member>
        <member name="T:Siger.ApiDashboard.Result.DashboardMachineRunningStateListResult">
            <inheritdoc />
        </member>
        <member name="M:Siger.ApiDashboard.Result.DashboardMachineRunningStateListResult.#ctor">
            <inheritdoc />
        </member>
        <member name="T:Siger.ApiDashboard.Result.DashboardMachineCanvasParetoInfoResult">
            <inheritdoc />
        </member>
        <member name="T:Siger.ApiDashboard.Result.DashboardProductionLine1Result">
            <inheritdoc />
        </member>
        <member name="T:Siger.ApiDashboard.Result.DashboardProductionLine2Result">
            <inheritdoc />
        </member>
        <member name="T:Siger.ApiDashboard.Result.DashboardProductionLine4Result">
            <inheritdoc />
        </member>
        <member name="M:Siger.ApiDashboard.Result.DashboardProductionLine4Result.#ctor">
            <inheritdoc />
        </member>
        <member name="M:Siger.ApiDashboard.Result.ProductionLine4.#ctor">
            <inheritdoc />
        </member>
        <member name="T:Siger.ApiDashboard.Result.DashboardProductionLine5">
            <inheritdoc />
        </member>
        <member name="M:Siger.ApiDashboard.Result.DashboardProductionLine5.#ctor">
            <inheritdoc />
        </member>
        <member name="M:Siger.ApiDashboard.Result.OneDayProductionLine5.#ctor">
            <inheritdoc />
        </member>
        <member name="T:Siger.ApiDashboard.Result.DashboardGaoboStatus1">
            <inheritdoc />
        </member>
        <member name="M:Siger.ApiDashboard.Result.DashboardGaoboStatus1.#ctor">
            <inheritdoc />
        </member>
        <member name="T:Siger.ApiDashboard.Result.DashboardAllProductLineResult">
            <inheritdoc />
        </member>
        <member name="M:Siger.ApiDashboard.Result.DashboardAllProductLineResult.#ctor">
            <inheritdoc />
        </member>
        <member name="T:Siger.ApiDashboard.Result.DashboardProductionBeatResult">
            <inheritdoc />
        </member>
        <member name="M:Siger.ApiDashboard.Result.DashboardProductionBeatResult.#ctor">
            <inheritdoc />
        </member>
        <member name="T:Siger.ApiDashboard.Result.BeatTimeLeft">
            <inheritdoc>
                <cref></cref>
            </inheritdoc>
        </member>
        <member name="T:Siger.ApiDashboard.Result.ProductionBeat">
            <inheritdoc />
        </member>
        <member name="T:Siger.ApiDashboard.Result.DashboardTimeGoResult">
            <inheritdoc />
        </member>
        <member name="M:Siger.ApiDashboard.Result.DashboardTimeGoResult.#ctor">
            <inheritdoc />
        </member>
        <member name="T:Siger.ApiDashboard.Result.DashboardWorkShopResult">
            <inheritdoc />
        </member>
        <member name="P:Siger.ApiDashboard.Result.GetChannelFtqResult.TotalFtq">
            <summary>
            合格率
            </summary>
        </member>
        <member name="P:Siger.ApiDashboard.Result.ResponseGetDieCastingMachine.pressure">
            <summary>
            压力
            </summary>
        </member>
        <member name="P:Siger.ApiDashboard.Result.ResponseGetDieCastingMachine.temperature">
            <summary>
            温度
            </summary>
        </member>
        <member name="P:Siger.ApiDashboard.Result.ResponseGetDieCastingMachine.machine_type">
            <summary>
            1：压铸机 2：熔炉
            </summary>
        </member>
        <member name="P:Siger.ApiDashboard.Result.ResponseMachineStateDetail.current_status">
            <summary>
            1->自用；2->出租；3->出借；4->其他在用；5->停用；6->闲置；7->报废 ；8->盘点中 （当前盘点时的状态）
            </summary>
        </member>
        <member name="P:Siger.ApiDashboard.Result.ResponseMachineStateDetail.machine_name">
            <summary>
            Machine Name
            </summary>
        </member>
        <member name="P:Siger.ApiDashboard.Result.ResponseMachineStateDetail.typical_application">
            <summary>
            测试应用产品
            </summary>
        </member>
        <member name="P:Siger.ApiDashboard.Result.ResponseMachineStateDetail.inside_diameter">
            <summary>
            尺寸-内径
            </summary>
        </member>
        <member name="P:Siger.ApiDashboard.Result.ResponseMachineStateDetail.outside_diameter">
            <summary>
            尺寸-外径
            </summary>
        </member>
        <member name="P:Siger.ApiDashboard.Result.ResponseMachineStateDetail.radial_load">
            <summary>
            径向载荷
            </summary>
        </member>
        <member name="P:Siger.ApiDashboard.Result.ResponseMachineStateDetail.axial_load">
            <summary>
            轴向载荷
            </summary>
        </member>
        <member name="P:Siger.ApiDashboard.Result.ResponseMachineStateDetail.pressure">
            <summary>
            压力
            </summary>
        </member>
        <member name="P:Siger.ApiDashboard.Result.ResponseMachineStateDetail.speed">
            <summary>
            转速
            </summary>
        </member>
        <member name="P:Siger.ApiDashboard.Result.ResponseMachineStateDetail.temperature">
            <summary>
            温度
            </summary>
        </member>
        <member name="P:Siger.ApiDashboard.Result.ResponseMachineStateDetail.rotation">
            <summary>
            转向
            </summary>
        </member>
        <member name="P:Siger.ApiDashboard.Result.ResponseMachineStateDetail.sample_lubrication">
            <summary>
            样本润滑
            </summary>
        </member>
        <member name="P:Siger.ApiDashboard.Result.ResponseMachineStateDetail.oil_lubrication">
            <summary>
            设备用油-润滑
            </summary>
        </member>
        <member name="P:Siger.ApiDashboard.Result.ResponseMachineStateDetail.oil_hydraulic">
            <summary>
            设备用油-液压
            </summary>
        </member>
        <member name="P:Siger.ApiDashboard.Result.ResponseMachineStateDetail.signal_monitor">
            <summary>
            信号采集
            </summary>
        </member>
        <member name="P:Siger.ApiDashboard.Result.ResponseMachineStateDetail.position">
            <summary>
            测试工位
            </summary>
        </member>
        <member name="P:Siger.ApiDashboard.Result.ResponseMachineStateDetail.machine_size">
            <summary>
            设备尺寸
            </summary>
        </member>
        <member name="P:Siger.ApiDashboard.Result.ResponseMachineStateDetail.machine_shortname">
            <summary>
            设备简称
            </summary>
        </member>
        <member name="P:Siger.ApiDashboard.Result.ResponseMachineStateDetail.responsor">
            <summary>
            负责人
            </summary>
        </member>
        <member name="P:Siger.ApiDashboard.Result.MachineMachineCalenderWeekly.calender_type">
            <summary>
            1->Experiment 2->Maintenence 3->Preparation
            </summary>
        </member>
        <member name="P:Siger.ApiDashboard.Result.ResponseGroupOee.output">
            <summary>
            产量
            </summary>
        </member>
        <member name="P:Siger.ApiDashboard.Result.ResponseGroupOee.theoryOee">
            <summary>
            理论oee
            </summary>
        </member>
        <member name="P:Siger.ApiDashboard.Result.FaultDataModel.total">
            <summary>
            总数
            </summary>
        </member>
        <member name="P:Siger.ApiDashboard.Result.FaultDataModel.max">
            <summary>
            最大值
            </summary>
        </member>
        <member name="M:Siger.ApiDashboard.Startup.#ctor(Microsoft.Extensions.Configuration.IConfiguration)">
            <inheritdoc />
        </member>
        <member name="T:Siger.ApiDashboard.Tasks.AutoMonthReportJob">
            <summary>
            月报自动推送任务
            </summary>
        </member>
        <member name="M:Siger.ApiDashboard.Tasks.AutoTaskJob.TaskAutoCalculationHour(System.Int32,System.Int32)">
            <summary>
            每小时统计
            </summary>
            <param name="companyId"></param>
            <param name="projectId"></param>
        </member>
        <member name="M:Siger.ApiDashboard.Tasks.AutoTaskJob.TaskAutoCalculation(System.Int32,System.Int32)">
            <summary>
            汇总前一日数据
            </summary>
            <param name="companyId"></param>
            <param name="projectId"></param>
        </member>
        <member name="M:Siger.ApiDashboard.Tasks.AutoTaskJob.CalculationOee(System.Int32,System.Int32,System.DateTime,System.DateTime,System.DateTime,System.Boolean)">
            <summary>
             产线 综合OEE
            </summary>
            <param name="companyId"></param>
            <param name="projectId"></param>
            <param name="busidate"></param>
            <param name="begin"></param>
            <param name="end"></param>
            <param name="day">是否按天统计</param> 
        </member>
        <member name="M:Siger.ApiDashboard.Tasks.AutoTaskJob.CalculationProductive(System.Int32,System.Int32,System.DateTime,System.DateTime,System.DateTime)">
            <summary>
            产量达成率
            </summary>
            <param name="companyId"></param>
            <param name="projectId"></param>
            <param name="busidate"></param>
            <param name="begin"></param>
            <param name="end"></param>
        </member>
        <member name="M:Siger.ApiDashboard.Tasks.AutoTaskJob.CalculationFtq(System.Int32,System.Int32,System.DateTime,System.DateTime,System.DateTime)">
            <summary>
            通道一次检验合格率
            </summary>
            <param name="companyId"></param>
            <param name="projectId"></param>
            <param name="busidate"></param>
            <param name="begin"></param>
            <param name="end"></param>
        </member>
        <member name="M:Siger.ApiDashboard.Tasks.AutoTaskJob.StationMttrbf(System.Int32,System.Collections.Generic.List{System.Int32},System.DateTime,System.DateTime)">
            <summary>
            设备MTTR,MTBF,停机时间,设备维护用时比
            </summary>
            <param name="projectId"></param>
            <param name="machines"></param>
            <param name="begin"></param>
            <param name="end"></param>
        </member>
        <member name="M:Siger.ApiDashboard.Tasks.AutoTaskJob.CalculationWaste(System.Int32,System.DateTime,System.DateTime,System.DateTime)">
            <summary>
            报废/返工汇总
            </summary>
            <param name="projectId"></param>
            <param name="busidate"></param>
            <param name="begin"></param>
            <param name="end"></param>
        </member>
        <member name="M:Siger.ApiDashboard.Tasks.AutoTaskJob.CalculationKpiInfo(System.Int32,System.DateTime,System.DateTime,System.DateTime)">
            <summary>
            各KPI 指标
            </summary>
            <param name="projectId"></param>
            <param name="busidate"></param>
            <param name="begin"></param>
            <param name="end"></param>
        </member>
        <member name="M:Siger.ApiDashboard.Tasks.AutoTaskJob.SaveDashboardTotal(System.DateTime,System.Int32,System.Int32,Siger.Middlelayer.Share.Enum.ModuleEnum.DashboardTotalRate,System.DateTime,System.DateTime,System.Double,System.Double)">
            <summary>
            更新通道+时间段汇总
            </summary>
            <param name="busidate"></param>
            <param name="projectId"></param>
            <param name="section">产线/通道</param>
            <param name="ratetype"></param>
            <param name="stime"></param>
            <param name="etime"></param>
            <param name="numerator"></param>
            <param name="denominator"></param>
            
        </member>
        <member name="M:Siger.ApiDashboard.Tasks.AutoTaskJob.GetLine(System.Int32)">
            <summary>
            工厂产线
            </summary>
            <param name="projectId"></param>
            <returns></returns>
        </member>
        <member name="M:Siger.ApiDashboard.Tasks.AutoTaskJob.GetBottleMachine(System.Int32,System.Int32,System.Boolean)">
            <summary>
            产线瓶颈工位 
            </summary>
            <param name="projectId"></param>
            <param name="line"></param>
            <param name="mid"></param>
            <returns></returns>
        </member>
        <member name="M:Siger.ApiDashboard.Tasks.AutoTaskJob.ProductTarget(System.Int32,System.Double,System.String)">
            <summary>
             产品目标产量
            </summary>
            <param name="projectId"></param>
            <param name="second"></param>
            <param name="productName"></param>
            <returns></returns>
        </member>
        <member name="M:Siger.ApiDashboard.Tasks.AutoTaskJob.GetAndonLastChangeProduct(System.Int32,System.Int32,System.DateTime,System.DateTime)">
            <summary>
            
            </summary>
            <param name="projectId"></param>
            <param name="machineIds"></param>
            <param name="stime"></param>
            <param name="etime"></param>
            <returns></returns>
        </member>
        <member name="M:Siger.ApiDashboard.Tasks.AutoTaskJob.GetStopTime(System.Int32,System.Double,System.Int32,System.DateTime,System.DateTime)">
            <summary>
            获取瓶颈工位 计划停机
            </summary>
            <param name="projectId"></param>
            <param name="time"></param>
            <param name="mid"></param>
            <param name="begin"></param>
            <param name="end"></param>
            <returns></returns>
        </member>
        <member name="M:Siger.ApiDashboard.Tasks.AutoTaskJob.GetAndonProductName(System.Int32,System.Int32,System.DateTime,System.DateTime)">
            <summary>
            获取时间段换型产品
            </summary>
            <param name="projectId"></param>
            <param name="machineId"></param>
            <param name="stime"></param>
            <param name="etime"></param>
            <returns></returns>
        </member>
        <member name="M:Siger.ApiDashboard.Tasks.AutoTaskJob.GetKpiSafeDay(System.String,System.Int32,System.Collections.Generic.List{System.Int32},System.DateTime,System.DateTime)">
            <summary>
            安全天数
            </summary>
            <param name="itemName"></param>
            <param name="projectId"></param>
            <param name="sections">部门</param>
            <param name="sdate"></param>
            <param name="edate"></param>
            <returns></returns>
        </member>
        <member name="M:Siger.ApiDashboard.Tasks.AutoTaskJob.GetKpiComplaint(System.String,System.Int32,System.Collections.Generic.List{System.Int32},System.DateTime,System.DateTime)">
            <summary>
            客户投诉
            </summary>
            <param name="itemName"></param>
            <param name="projectId"></param>
            <param name="sections">部门</param>
            <param name="sdate"></param>
            <param name="edate"></param>
            <returns></returns>
        </member>
        <member name="M:Siger.ApiDashboard.Tasks.AutoTaskJob.GetOee(System.Int64,System.Int64,System.Int32,System.Int32,System.Int32)">
            <summary>
            计算Oee
            </summary>
            <param name="start"></param>
            <param name="end"></param>
            <param name="section"></param>
            <param name="pid"></param>
            <param name="cid"></param>
            <returns></returns>
        </member>
        <member name="P:Siger.ApiDashboard.Tasks.Model.ReportResultBase.type">
            <summary>
            模板关键字
            </summary>
        </member>
        <member name="P:Siger.ApiDashboard.Tasks.Model.ReportResultBase.title">
            <summary>
            模板名称
            </summary>
        </member>
        <member name="T:Siger.ApiDashboard.Tasks.Model.UsageReportResult">
            <summary>
             系统使用率模板
            </summary>
        </member>
        <member name="P:Siger.ApiDashboard.Tasks.Model.UsageReportResult.table_1">
            <summary>
            质量模块各通道新增数据量
            </summary>
        </member>
        <member name="P:Siger.ApiDashboard.Tasks.Model.UsageReportResult.table_2">
            <summary>
            质量模块各通道操作人数
            </summary>
        </member>
        <member name="P:Siger.ApiDashboard.Tasks.Model.UsageReportResult.table_3">
            <summary>
            质量模块人员数据录入量
            </summary>
        </member>
        <member name="P:Siger.ApiDashboard.Tasks.Model.UsageReportResult.table_4">
            <summary>
            安灯模块通道操作数据
            </summary>
        </member>
        <member name="P:Siger.ApiDashboard.Tasks.Model.UsageReportResult.table_5">
            <summary>
            安灯模块异常类别数据量
            </summary>
        </member>
        <member name="P:Siger.ApiDashboard.Tasks.Model.UsageReportResult.table_6">
            <summary>
            安灯模块人员数据量
            </summary>
        </member>
        <member name="P:Siger.ApiDashboard.Tasks.Model.UsageReportResult.table_7">
            <summary>
            安灯模块异常处理时长-通道
            </summary>
        </member>
        <member name="P:Siger.ApiDashboard.Tasks.Model.UsageReportResult.table_8">
            <summary>
            安灯模块异常处理时长-责任部门
            </summary>
        </member>
        <member name="P:Siger.ApiDashboard.Tasks.Model.UsageReportResult.table_9">
            <summary>
            安灯模块异常处理时长-责任人员
            </summary>
        </member>
        <member name="P:Siger.ApiDashboard.Tasks.Model.UsageReportResult.table_10">
            <summary>
            追溯模块新增数据量(通道)
            </summary>
        </member>
        <member name="P:Siger.ApiDashboard.Tasks.Model.UsageReportResult.table_11">
            <summary>
            KPI指标使用情况
            </summary>
        </member>
        <member name="P:Siger.ApiDashboard.Tasks.Model.UsageReportResult.table_12">
            <summary>
            设备模块各操作的工单量
            </summary>
        </member>
        <member name="P:Siger.ApiDashboard.Tasks.Model.UsageReportResult.table_13">
            <summary>
            设备模块各操作操作人数
            </summary>
        </member>
        <member name="M:Siger.ApiDashboard.Tasks.MonthReportHelper.GetAllConfigs">
            <summary>
            获取报表配置
            </summary>
            <returns></returns>
        </member>
        <member name="M:Siger.ApiDashboard.Tasks.MonthReportHelper.GetAccLines(System.Int32)">
            <summary>
            通道/产线信息
            </summary>
            <param name="projectId"></param>
            <returns></returns>
        </member>
        <member name="M:Siger.ApiDashboard.Tasks.MonthReportHelper.GetTraceMaterial(System.Int32,System.Collections.Generic.List{System.Int32},System.DateTime,System.DateTime)">
            <summary>
            检验数据
            </summary>
            <param name="projectId"></param>
            <param name="stations"></param>
            <param name="begin"></param>
            <param name="end"></param>
            <returns></returns>
        </member>
        <member name="M:Siger.ApiDashboard.Tasks.MonthReportHelper.GetTraceInspection(System.Int32,System.Collections.Generic.List{System.Int32},System.DateTime,System.DateTime)">
            <summary>
            送检数据
            </summary>
            <param name="projectId"></param>
            <param name="stations"></param>
            <param name="begin"></param>
            <param name="end"></param>
            <returns></returns>
        </member>
        <member name="M:Siger.ApiDashboard.Tasks.MonthReportHelper.GetReworkDat(System.Int32,System.Collections.Generic.List{System.Int32},System.DateTime,System.DateTime)">
            <summary>
            返工报废数据
            </summary>
            <param name="projectId"></param>
            <param name="stations"></param>
            <param name="begin"></param>
            <param name="end"></param>
            <returns></returns>
        </member>
        <member name="M:Siger.ApiDashboard.Tasks.MonthReportHelper.GetAndonInfo(System.Int32,System.Collections.Generic.List{System.Int32},System.Int64,System.Int64)">
            <summary>
            安灯主表
            </summary>
            <param name="projectId"></param>
            <param name="stations"></param>
            <param name="beginTime"></param>
            <param name="endTime"></param>
            <returns></returns>
        </member>
        <member name="M:Siger.ApiDashboard.Tasks.MonthReportHelper.AndonDetials(System.Int32,System.Int64,System.Int64,System.Int32)">
            <summary>
             andon 异常明细
            </summary>
            <param name="project_id"></param>
            <param name="start"></param>
            <param name="end"></param>
            <param name="andontstate"></param>
            <returns></returns>
        </member>
        <member name="M:Siger.ApiDashboard.Tasks.MonthReportHelper.GetKpiTasklist(System.Int32,System.DateTime,System.DateTime)">
            <summary>
            kpi 任务列表
            </summary>
            <param name="projectId"></param>
            <param name="beginTime"></param>
            <param name="endTime"></param>
            <returns></returns>
        </member>
        <member name="M:Siger.ApiDashboard.Tasks.MonthReportHelper.GetActionResult(System.Int32,System.Collections.Generic.List{System.Int32})">
            <summary>
            KPI处理结果
            </summary>
            <param name="projectId"></param>
            <param name="taskIds"></param>
            <returns></returns>
        </member>
        <member name="M:Siger.ApiDashboard.Tasks.MonthReportHelper.GetRepairWorkCount(System.Int64,System.Int64,System.Int32)">
            <summary>
            TPM 记录明细
            </summary>
            <param name="start"></param>
            <param name="end"></param>
            <param name="pid"></param>
            <returns></returns>
        </member>
        <member name="M:Siger.ApiDashboard.Tasks.MTTRBFHelper.GetMachineMTTRBF(System.DateTime,System.DateTime,System.Collections.Generic.IEnumerable{Siger.Middlelayer.TpmRepository.Entities.siger_project_repair},System.Int32,System.Int32)">
            <summary>
            故障率和使用率
            </summary>
            <param name="start"></param>
            <param name="end"></param>
            <param name="list"></param>
            <param name="interal"></param>
            <param name="type">1: MTTR 2: MTBF</param>
            <returns></returns>
        </member>
        <member name="T:Siger.ApiDashboard.Tasks.Reports.MouduleUtilizationComm">
            <summary>
            拼接数据
            </summary>
        </member>
        <member name="M:Siger.ApiDashboard.Tasks.Reports.MouduleUtilizationComm.GetResponseSum(Siger.ApiDashboard.Tasks.MonthReportHelper,Siger.Middlelayer.Repository.Entities.siger_project_monthreport_config,Siger.Middlelayer.Repository.Entities.siger_project_monthreport_config_template,Siger.Middlelayer.Share.Models.TimeRange)">
            <summary>
            获取使用率模板数据对象
            </summary>
            <param name="monthReport"></param>
            <param name="config"></param>
            <param name="template"></param>
            <param name="timeRange"></param>
            <returns></returns>
        </member>
        <member name="M:Siger.ApiDashboard.Tasks.Reports.ReporBase.ReplaceHtml(Siger.Middlelayer.Repository.Entities.siger_project_monthreport_config,System.String,Siger.Middlelayer.Share.Models.TimeRange)">
            <summary>
            2.0 替换HTML
            </summary>
            <param name="config">表格</param>
            <param name="dataStr">图表数据</param>
            <param name="range"></param>
        </member>
        <member name="M:Siger.ApiDashboard.Tasks.Reports.ReporBase.GeneratePdf(Siger.Middlelayer.Repository.Entities.siger_project_monthreport_config,System.String,Siger.Middlelayer.Share.Models.TimeRange)">
            <summary>
             2.0 转PDF
            </summary>
            <param name="config"></param>
            <param name="dataStr"></param>
            <param name="range"></param>
            <returns></returns>
        </member>
        <member name="M:Siger.ApiDashboard.Tasks.Reports.ReporterMain.GeneratePdf(Siger.Middlelayer.Repository.Entities.siger_project_monthreport_config,System.String,Siger.Middlelayer.Share.Models.TimeRange)">
            <summary>
            转换文件
            </summary>
            <param name="config"></param>
            <param name="dataStr"></param>
            <param name="range"></param>
            <returns></returns>
        </member>
        <member name="M:Siger.ApiDashboard.Tasks.Scheduler.StartUp">
            <summary>
            启动定时任务
            </summary>
        </member>
        <member name="M:Siger.ApiDashboard.Tasks.Scheduler.Stop">
            <summary>
            停止定时任务
            </summary>
        </member>
        <member name="M:Siger.ApiDashboard.Tasks.Task.AuteKpiAction.AutoKpiProjectAction(System.Int32)">
            <summary>
            行动计划制定
            </summary>
            <param name="projectId"></param>
        </member>
        <member name="M:Siger.ApiDashboard.Tasks.Task.AutoTpmRepair.AutoAndon(System.Int32)">
            <summary>
            安灯状态一览
            </summary>
            <param name="projectId"></param>
        </member>
        <member name="M:Siger.ApiDashboard.Tasks.Task.AutoTpmRepair.AutoTpmProjectRepair(System.Int32)">
            <summary>
            设备维修列表
            </summary>
            <param name="projectId"></param>
        </member>
        <member name="M:Siger.ApiDashboard.Tasks.Task.AutoTpmRepair.AutoTpmProjectPlan(System.Int32)">
            <summary>
            计划维护列表
            </summary>
            <param name="projectId"></param>
        </member>
        <member name="T:Siger.ApiDashboard.Utilities.AccQuantityCalculationHelper">
            <summary>
            
            </summary>
        </member>
        <member name="M:Siger.ApiDashboard.Utilities.AccQuantityCalculationHelper.GetRang(System.Collections.Generic.List{System.Double},System.Int32)">
            <summary>
             做差
            </summary>
            <param name="source"></param>
            <param name="rounding">保留小数点</param>
            <returns></returns>
        </member>
        <member name="M:Siger.ApiDashboard.Utilities.AccQuantityCalculationHelper.UCLx(System.Double,System.Double,System.Int32)">
            <summary>
            单值上控制线
            </summary>
            <param name="x">样本均值</param>
            <param name="mR">Rang均值</param>
            <param name="rounding">保留小数点</param>
            <returns></returns>
        </member>
        <member name="M:Siger.ApiDashboard.Utilities.AccQuantityCalculationHelper.LCLx(System.Double,System.Double,System.Int32)">
            <summary>
            单值下控制线
            </summary>
            <param name="x"></param>
            <param name="mR">Rang均值</param>
            <param name="rounding">保留小数点</param>
            <returns></returns>
        </member>
        <member name="M:Siger.ApiDashboard.Utilities.AccQuantityCalculationHelper.UCLr(System.Double,System.Int32)">
            <summary>
            移动极值差 上控制线
            </summary>
            <param name="mR">所有Rang 的均值</param>
            <param name="rounding">保留小数点</param>
            <returns></returns>
        </member>
        <member name="M:Siger.ApiDashboard.Utilities.AccQuantityCalculationHelper.GetVariance(System.Collections.Generic.List{System.Double},System.Double,System.Int32)">
            <summary>
            获取数组标准差
            </summary>
            <param name="sample">样本数组</param>
            <param name="sampleMean">均差</param>
            <param name="rounding">保留小数点</param>
            <returns></returns>
        </member>
        <member name="M:Siger.ApiDashboard.Utilities.AccQuantityCalculationHelper.accQualityMiddle(System.Collections.Generic.List{System.Double},System.Double,System.Double,System.Double)">
            <summary>
            质量数据 Echart 图拼装 左1
            </summary>
            <param name="sample"></param>
            <param name="uCLx"></param>
            <param name="lCLx"></param>
            <param name="sampleMean"></param>
            <returns></returns>
        </member>
        <member name="M:Siger.ApiDashboard.Utilities.AccQuantityCalculationHelper.accQualityLefeBottom(System.Collections.Generic.List{System.Double},System.Double,System.Double,System.Double)">
            <summary>
            质量数据 Echart 图拼装 左2
            </summary>
            <param name="rang"></param>
            <param name="rangUCL"></param>
            <param name="rangLCL"></param>
            <param name="rangMean"></param>
            <returns></returns>
        </member>
        <member name="M:Siger.ApiDashboard.Utilities.AccQuantityCalculationHelper.AccQualityDatalefttop(System.Collections.Generic.List{System.Double},System.Int32)">
            <summary>
            
            </summary>
            <param name="sample"></param>
            <param name="rounding"></param>
            <returns></returns>
        </member>
        <member name="M:Siger.ApiDashboard.Utilities.AccQuantityCalculationHelper.accQualityBottomleft(System.Int32,System.Double,System.Double,System.Double,System.Double)">
            <summary>
            
            </summary>
            <param name="sampleCount"></param>
            <param name="sampleMean"></param>
            <param name="sigma"></param>
            <param name="cp"></param>
            <param name="cpk"></param>
            <returns></returns>
        </member>
        <member name="M:Siger.ApiDashboard.Utilities.AccQuantityCalculationHelper.accQualitybottomright(System.Double,System.Double,System.Double,System.Double,System.Double)">
            <summary>
            
            </summary>
            <param name="itemMax"></param>
            <param name="itemMin"></param>
            <param name="paramater"></param>
            <param name="cpu"></param>
            <param name="cpl"></param>
            <returns></returns>
        </member>
        <member name="M:Siger.ApiDashboard.Utilities.ReportSumHelper.qmsPersonData(System.Collections.Generic.IEnumerable{Siger.Middlelayer.QmsRepository.Entities.siger_check_sn_trace_material},System.Collections.Generic.IEnumerable{Siger.Middlelayer.QmsRepository.Entities.siger_check_sn_trace_inspection},System.Collections.Generic.IEnumerable{Siger.Middlelayer.QmsRepository.Entities.siger_qms_rework_data})">
            <summary>
            tbl3 Qms 模块人员数据录入量
            </summary>
            <param name="checkMaterial"></param>
            <param name="checkInspData"></param>
            <param name="reworkData"></param>
            <returns></returns>
        </member>
        <member name="M:Siger.ApiDashboard.Utilities.ReportSumHelper.responseSumAndonsByDepart(System.Collections.Generic.IEnumerable{Siger.Middlelayer.TpmRepository.Response.ResponseAndonDetials})">
            <summary>
            tbl5 安灯 责任部门
            </summary>
            <param name="andonData"></param>
            <returns></returns>
        </member>
        <member name="M:Siger.ApiDashboard.Utilities.ReportSumHelper.responseSumAndonsByUser(System.Collections.Generic.IEnumerable{Siger.Middlelayer.TpmRepository.Response.ResponseAndonDetials},System.Collections.Generic.IEnumerable{Siger.Middlelayer.Repository.Data.UserInfo})">
            <summary>
            tbl6 岗位人员
            </summary>
            <param name="andonData"></param>
            <param name="userInfos"></param>
            <returns></returns>
        </member>
        <member name="M:Siger.ApiDashboard.Utilities.ReportSumHelper.sumAndonExcepTimeBysDepart(System.Collections.Generic.IEnumerable{Siger.Middlelayer.TpmRepository.Response.ResponseAndonDetials})">
            <summary>
            tbl8 异常时长 - 岗位
            </summary>
            <param name="andonData"></param>
            <returns></returns>
        </member>
        <member name="M:Siger.ApiDashboard.Utilities.ReportSumHelper.sumAndonExcepTimeByhandler(System.Collections.Generic.IEnumerable{Siger.Middlelayer.TpmRepository.Response.ResponseAndonDetials},System.Collections.Generic.IEnumerable{Siger.Middlelayer.Repository.Data.UserInfo})">
            <summary>
            tbl9 异常处理时长- 责任人
            </summary>
            <param name="andonDataSource"></param>
            <param name="userInfos"></param>
            <returns></returns>
        </member>
        <member name="M:Siger.ApiACC.Tasks.AutoQmsSnHelper.AutoQmsInspection(System.Int32)">
             <summary>
            工件返工录入,工件报废录入
             </summary>
             <param name="projectId"></param>
        </member>
        <member name="M:Siger.ApiACC.Tasks.AutoQmsSnHelper.AutoQmsReworkData(System.Int32)">
            <summary>
            人工检验数据,工件送检管理,检测检验管理
            </summary>
            <param name="projectId"></param>
        </member>
        <member name="M:Siger.ApiACC.Tasks.AutoQmsSnHelper.AutoQmsTraceDetail(System.Int32)">
            <summary>
            人工检验数据
            </summary>
            <param name="projectId"></param>
        </member>
        <member name="M:Siger.ApiACC.Tasks.AutoQmsSnHelper.AutoQmsTraceMaterial(System.Int32)">
            <summary>
            进料检验收集,
            </summary>
            <param name="projectId"></param>
        </member>
    </members>
</doc>
