<?xml version="1.0"?>
<doc>
    <assembly>
        <name>Siger.ApiTLM</name>
    </assembly>
    <members>
        <member name="M:Siger.ApiTLM.Controllers.PackageController.GetMatterInfo(System.String)">
            <summary>
            刀具组装卸载，扫描物料二维码
            </summary>
            <param name="mattercode"></param>
            <returns></returns>
        </member>
        <member name="M:Siger.ApiTLM.Controllers.PackageController.RemoveAssemble(System.String)">
            <summary>
            移除刀具的组装
            </summary>
            <param name="mattercode"></param>
            <returns></returns>
        </member>
        <member name="M:Siger.ApiTLM.Controllers.PackageController.SetAssembleInfo(Siger.Middlelayer.TlmRepository.Request.RequestSetAssembleInfo)">
            <summary>
            刀具组装卸载，提交组装
            </summary>
            <returns></returns>
        </member>
        <member name="M:Siger.ApiTLM.Controllers.PackageController.SetInstallInfo(Siger.Middlelayer.TlmRepository.Request.RequestSetInstallInfo)">
            <summary>
            刀具安装
            </summary>
            <param name="request"></param>
            <returns></returns>
        </member>
        <member name="M:Siger.ApiTLM.Controllers.PackageController.GetInstalledInfo(System.String,System.String,System.String,System.String)">
            <summary>
            获取安装信息，卸载时用
            </summary>
            <param name="matterCode"></param>
            <param name="machineCode"></param>
            <param name="knifePosz"></param>
            <param name="codeType"></param>
            <returns></returns>
        </member>
        <member name="M:Siger.ApiTLM.Controllers.PackageController.UninstallKnife(Siger.Middlelayer.TlmRepository.Request.RequestUninstallKnife)">
            <summary>
            刀具卸载
            </summary>
            <returns></returns>
        </member>
        <member name="M:Siger.ApiTLM.Controllers.PackageController.GetAllInstalledInfo(System.String)">
            <summary>
            安装查询
            </summary>
            <param name="machineCode"></param>
            <returns></returns>
        </member>
        <member name="T:Siger.ApiTLM.Controllers.TechnologyController">
            <inheritdoc />
            刀具工艺
        </member>
        <member name="M:Siger.ApiTLM.Controllers.TechnologyController.GetRoutes(System.String)">
            <summary>
            获取工序
            </summary>
            <param name="productid"></param>
            <returns></returns>
        </member>
        <member name="M:Siger.ApiTLM.Controllers.TechToolController.GetCutterNumbers(System.String,System.String)">
            <summary>
            获取刀位号
            </summary>
            <param name="productid"></param>
            <param name="route"></param>
            <returns></returns>
        </member>
        <member name="M:Siger.ApiTLM.Controllers.ToolCabinetController.GetCabinetConfiguration(Siger.Middlelayer.TlmRepository.Request.RequestCabinetConfiguration)">
            <summary>
            获取刀具柜配置信息
            </summary>
            <returns></returns>
        </member>
        <member name="M:Siger.ApiTLM.Controllers.ToolCabinetController.RemoveCabinetConfiguration(Siger.Middlelayer.TlmRepository.Request.RequestCabinetConfiguration)">
            <summary>
            删除刀具柜配置信息
            </summary>
            <param name="requestCabinet"></param>
            <returns></returns>
        </member>
        <member name="M:Siger.ApiTLM.Controllers.ToolCabinetController.ModifyCabinetConfiguration(Siger.Middlelayer.TlmRepository.Request.RequestCabinetConfiguration)">
            <summary>
            修改刀具柜配置信息
            </summary>
            <param name="requestCabinet"></param>
            <returns></returns>
        </member>
        <member name="M:Siger.ApiTLM.Controllers.ToolCabinetController.InsertCabinetConfiguration(Siger.Middlelayer.TlmRepository.Request.RequestCabinetConfiguration)">
            <summary>
            新增刀具柜配置信息
            </summary>
            <param name="requestCabinet"></param>
            <returns></returns>
        </member>
        <member name="M:Siger.ApiTLM.Controllers.ToolCabinetController.GetSuppliers">
            <summary>
            获取WMS供应商列表
            </summary>
            <returns></returns>
        </member>
        <member name="M:Siger.ApiTLM.Controllers.ToolCabinetController.GetCabinetReceiveData(Siger.Middlelayer.TlmRepository.Request.RequestCabinetReceiveData)">
            <summary>
            刀具柜领用记录查询
            </summary>
            <param name="requestCabinetReceiveData"></param>
            <returns></returns>
        </member>
        <member name="M:Siger.ApiTLM.Controllers.ToolCabinetController.GetCabinetReceiveDetail(Siger.Middlelayer.TlmRepository.Request.RequestCabinetReceiveData)">
            <summary>
            刀具柜领用明细查询
            </summary>
            <param name="requestCabinetReceiveData"></param>
            <returns></returns>
        </member>
        <member name="M:Siger.ApiTLM.Controllers.ToolChoiceController.GetStockFromWms(System.Int32,System.Int32,System.Int32,System.Int32)">
            <summary>
            根据型号从wms获取库存信息
            </summary>
            <param name="id"></param>
            <param name="type"></param>
            <param name="page"></param>
            <param name="pagesize"></param>
            <returns></returns>
        </member>
        <member name="M:Siger.ApiTLM.Controllers.ToolChoiceController.ToolOutStock(Siger.Middlelayer.TlmRepository.Request.RequestAddChoice)">
            <summary>
            出库
            </summary>
            <param name="request"></param>
            <returns></returns>
        </member>
        <member name="M:Siger.ApiTLM.Controllers.ToolClientController.GetAllPlatforms(System.Int32,System.String)">
            <summary>
            获取全部称台
            </summary>
            <param name="storage_id"></param>
            <param name="name"></param>
            <returns></returns>
        </member>
        <member name="M:Siger.ApiTLM.Controllers.ToolClientController.ImportPlatforms(Siger.Middlelayer.TlmRepository.Request.RequestImportPlatform)">
            <summary>
            导入称台
            </summary>
            <param name="request"></param>
            <returns></returns>
        </member>
        <member name="M:Siger.ApiTLM.Controllers.ToolClientController.GetPlatform(System.Int32,System.String)">
            <summary>
            获取称台信息
            </summary>
            <param name="storage_id"></param>
            <param name="platform"></param>
            <returns></returns>
        </member>
        <member name="M:Siger.ApiTLM.Controllers.ToolConfigController.GetToolConfig(Siger.Middlelayer.TlmRepository.Request.RequestProjectToollifeToolConfig)">
            <summary>
            获取刀具设置
            </summary>
            <param name="request"></param>
            <returns></returns>
        </member>
        <member name="M:Siger.ApiTLM.Controllers.ToolConfigController.GetToolConfigForApp(Siger.Middlelayer.TlmRepository.Request.RequestProjectToollifeToolConfig)">
            <summary>
            获取刀具设置
            </summary>
            <param name="request"></param>
            <returns></returns>
        </member>
        <member name="M:Siger.ApiTLM.Controllers.ToolConfigController.SetToolConfig(Siger.Middlelayer.TlmRepository.Request.RequestSetToollifeToolConfig)">
            <summary>
            设置刀具设置
            </summary>
            <param name="request"></param>
            <returns></returns>
        </member>
        <member name="M:Siger.ApiTLM.Controllers.ToolConfigController.DelToolConfig(System.Int32)">
            <summary>
            删除刀具设置
            </summary>
            <param name="id"></param>
            <returns></returns>
        </member>
        <member name="M:Siger.ApiTLM.Controllers.ToolConfigController.ExportProjectToollifeToolConfig(Siger.Middlelayer.TlmRepository.Request.RequestProjectToollifeToolConfig)">
            <summary>
            导出刀具设置
            </summary>
            <param name="req"></param>
            <returns></returns>
        </member>
        <member name="M:Siger.ApiTLM.Controllers.ToolConfigController.GetToolDataByType(Siger.Middlelayer.Common.FieldEnum.TlmSettingCategory,System.String,System.String,System.Int32,System.Int32)">
            <summary>
            获取刀具相关信息
            </summary>
            <param name="type">1刀片2刀柄3附件4刀头</param>
            <param name="name"></param>
            <param name="number"></param>
            <param name="id"></param>
            <param name="count"></param>
            <returns></returns>
        </member>
        <member name="M:Siger.ApiTLM.Controllers.ToolExpectionController.GetToolExpection(Siger.Middlelayer.TlmRepository.Request.RequestProjectToollifeExpection)">
            <summary>
            获取异常换刀记录
            </summary>
            <param name="request"></param>
            <returns></returns>
        </member>
        <member name="M:Siger.ApiTLM.Controllers.ToolExpectionController.SetToolExpection(Siger.Middlelayer.TlmRepository.Response.ResponseGetToollifeExpection)">
            <summary>
            设置异常换刀记录
            </summary>
            <param name="request"></param>
            <returns></returns>
        </member>
        <member name="M:Siger.ApiTLM.Controllers.ToolExpectionController.DelToolExpection(System.Int32)">
            <summary>
            删除异常换刀记录
            </summary>
            <param name="id"></param>
            <returns></returns>
        </member>
        <member name="M:Siger.ApiTLM.Controllers.ToolInfoController.GetCategoryParameterList(System.Int32,System.Int32)">
            <summary>
            根据类型获取类型参数
            </summary>
            <param name="categoryId"></param>
            <param name="type">1:添加 2：修改</param>
            <returns></returns>
        </member>
        <member name="M:Siger.ApiTLM.Controllers.ToolInfoController.GetMaterialListEx(System.String,System.String,System.String,System.Int32)">
            <summary>
            物料信息获取
            </summary>
            <param name="material_id">物料id</param>
            <param name="part_no">物料编号</param>
            <param name="name">物料名称</param>
            <param name="count">取出个数（默认为0）</param>
            <returns></returns>
        </member>
        <member name="M:Siger.ApiTLM.Controllers.ToolInfoController.GetToolMaterialInfos(System.String,System.String,System.String)">
            <summary>
            扫描批次号/序号获取物料供应商和物料状态
            </summary>
            <param name="serial_number"></param>
            <param name="machineid"></param>
            <param name="cutter_number"></param>
            <returns></returns>
        </member>
        <member name="M:Siger.ApiTLM.Controllers.ToolInfoController.GetMaterialSuppliers(System.String,System.String,System.String,System.Int32,System.String)">
            <summary>
            获取物料和供应商下拉列表
            </summary>
            <returns></returns>
        </member>
        <member name="M:Siger.ApiTLM.Controllers.ToolInfoController.GetStockToolMaterials(System.String,System.String,System.String)">
            <summary>
            更换归还页面点击更换获取需要更换的物料信息
            </summary>
            <param name="material_id"></param>
            <param name="supplier_id"></param>
            <param name="serial_number"></param>
            <returns></returns>
        </member>
        <member name="M:Siger.ApiTLM.Controllers.ToolInstallController.GetToolUnusualReason">
            <summary>
            获取刀具异常原因列表
            </summary>
            <returns></returns>
        </member>
        <member name="M:Siger.ApiTLM.Controllers.ToolInstallController.GetUnusualImageData(Siger.Middlelayer.TlmRepository.Request.RequestToolUnusualReason)">
            <summary>
            获取异常原因片数据
            </summary>
            <returns></returns>
        </member>
        <member name="M:Siger.ApiTLM.Controllers.ToolInstallController.GetCutterNumbers(System.String)">
            <summary>
            通过设备ID获取刀位编号
            </summary>
            <param name="mid"></param>
            <returns></returns>
        </member>
        <member name="M:Siger.ApiTLM.Controllers.ToolInstallController.GetToolUseData(Siger.Middlelayer.TlmRepository.Request.RequestToolUseData)">
            <summary>
            刀具使用记录查询
            </summary>
            <param name="reqToolData"></param>
            <returns></returns>
        </member>
        <member name="M:Siger.ApiTLM.Controllers.ToolInstallController.ExportToolUseData(Siger.Middlelayer.TlmRepository.Request.RequestToolUseData)">
            <summary>
            刀具使用记录导出
            </summary>
            <param name="reqToolData"></param>
            <returns></returns>
        </member>
        <member name="M:Siger.ApiTLM.Controllers.ToolInstallController.GetToolProcessData(Siger.Middlelayer.TlmRepository.Request.RequestToolProcessData)">
            <summary>
            刀具加工能力分析
            </summary>
        </member>
        <member name="M:Siger.ApiTLM.Controllers.ToolInstallController.ToolUseData(Siger.Middlelayer.TlmRepository.Request.RequestToolUseData)">
            <summary>
            刀具使用记录信息
            </summary>
            <param name="reqToolData"></param>
            <returns></returns>
        </member>
        <member name="M:Siger.ApiTLM.Controllers.ToolInstallController.ToolProcessData(Siger.Middlelayer.TlmRepository.Request.RequestToolProcessData)">
            <summary>
            刀具加工能力信息(汇总数据来源最高5w条，超过5w请缩小搜索范围)
            </summary>
            <param name="reqToolData"></param>
            <returns></returns>
        </member>
        <member name="M:Siger.ApiTLM.Controllers.ToolReplaceReturnController.Replace(Siger.Middlelayer.TlmRepository.Request.RequestToolReplace)">
            <summary>
            更换
            </summary>
            <returns></returns>
        </member>
        <member name="M:Siger.ApiTLM.Controllers.ToolReplaceReturnController.SendBack(Siger.Middlelayer.TlmRepository.Request.RequestToolReturn)">
            <summary>
            返还
            </summary>
            <returns></returns>
        </member>
        <member name="M:Siger.ApiTLM.Controllers.ToolReplaceReturnController.Recieve(Siger.Middlelayer.TlmRepository.Request.RequestRecieve)">
            <summary>
            领用
            </summary>
            <returns></returns>
        </member>
        <member name="M:Siger.ApiTLM.Controllers.ToolReplaceReturnController.GetToolAmount(Siger.Middlelayer.TlmRepository.Request.RequestGetToolAmount)">
            <summary>
            查询刀具报废，修磨，领用量
            </summary>
            <returns></returns>
        </member>
        <member name="M:Siger.ApiTLM.Controllers.ToolReplaceReturnController.GetToolUseCount(Siger.Middlelayer.TlmRepository.Request.RequestGetToolUseCount)">
            <summary>
            人员用刀分析
            </summary>
            <param name="req"></param>
            <returns></returns>
        </member>
        <member name="M:Siger.ApiTLM.Controllers.ToolTestController.SetDetection(System.Collections.Generic.List{Siger.Middlelayer.TlmRepository.Request.RequestSetDetection})">
            <summary>
            添加修改测试项目
            </summary>
            <param name="requests"></param>
            <returns></returns>
        </member>
        <member name="M:Siger.ApiTLM.Controllers.ToolTestController.GetDetection(Siger.Middlelayer.TlmRepository.Request.RequestProjectToollifeDetection)">
            <summary>
            获取测试项目
            </summary>
            <param name="request"></param>
            <returns></returns>
        </member>
        <member name="M:Siger.ApiTLM.Controllers.ToolTestController.DelDetection(System.Int32)">
            <summary>
            删除测试项目
            </summary>
            <param name="id"></param>
            <returns></returns>
        </member>
        <member name="M:Siger.ApiTLM.Controllers.ToolTestController.GetTestData(Siger.Middlelayer.TlmRepository.Request.RequestProjectToollifeDetectionRecord)">
            <summary>
            刀具检测列表
            </summary>
            <param name="request"></param>
            <returns></returns>
        </member>
        <member name="M:Siger.ApiTLM.Controllers.ToolTestController.SetTestData(System.Collections.Generic.List{Siger.Middlelayer.TlmRepository.Request.RequestSetToollifeDetectionRecord})">
            <summary>
            检测项目
            </summary>
            <param name="requests"></param>
            <returns></returns>
        </member>
        <member name="M:Siger.ApiTLM.Controllers.ToolTestController.GetTestDetailData(Siger.Middlelayer.TlmRepository.Request.RequestProjectToollifeDetectionDetail)">
            <summary>
            检测项目明细
            </summary>
            <param name="request"></param>
            <returns></returns>
        </member>
        <member name="M:Siger.ApiTLM.Controllers.ToolTestController.HandleTestDetailData(Siger.Middlelayer.TlmRepository.Request.RequestHandleDetectionDetail)">
            <summary>
            处理检测信息
            </summary>
            <returns></returns>
        </member>
        <member name="M:Siger.ApiTLM.Controllers.ToolTestController.SubmitToolTest(Siger.Middlelayer.TlmRepository.Request.RequestTooTest)">
            <summary>
            提交刀具测试
            </summary>
            <param name="request"></param>
            <returns></returns>
        </member>
        <member name="M:Siger.ApiTLM.Controllers.ToolWorkorderController.GetTechList(System.String)">
            <summary>
            获取刀具清单列表
            </summary>
            <param name="productid"></param>
            <returns></returns>
        </member>
    </members>
</doc>
