<?xml version="1.0"?>
<doc>
    <assembly>
        <name>Siger.ApiACC</name>
    </assembly>
    <members>
        <member name="M:Siger.ApiACC.Controllers.AccController.CheckSN(Siger.Middlelayer.AccRepository.Request.RequestSN)">
            <summary>
            检查SN合法性
            </summary>
            <param name="requestSN"></param>
            <returns></returns>
        </member>
        <member name="M:Siger.ApiACC.Controllers.AccController.QuerySN(System.String)">
            <summary>
            返工功能 查询有效能够返工的SN
            </summary>
            <param name="sn"></param>
            <returns></returns>
        </member>
        <member name="M:Siger.ApiACC.Controllers.AccController.HasCheckInfo(Siger.Middlelayer.AccRepository.Request.RequestCheckInfo)">
            <summary>
            获取两个小时内的组合检具检查
            </summary>
            <param name="obj">工位</param>
            <returns>返回两个小时内是否存在此工位的组合检具检查信息</returns>
        </member>
        <member name="M:Siger.ApiACC.Controllers.AccController.GetLastCheckTime(Siger.Middlelayer.AccRepository.Request.RequestCheckInfo)">
            <summary>
            获取最后一次组合抽检的时间
            </summary>
            <param name="obj"></param>
            <returns></returns>
        </member>
        <member name="M:Siger.ApiACC.Controllers.AccController.CheckAndUpdatePackBoxSN(Siger.Middlelayer.AccRepository.Request.RequestCheckAndUpdatePackBoxSN)">
            <summary>
            检测粗材打包的信息
            如果sn存在于粗材打包的信息中
            删除打包信息并检测是否存在其他信息,
            如果无其他sn记录则更新box的status为清空
            </summary>
        </member>
        <member name="M:Siger.ApiACC.Controllers.AccDashboardController.GetChkItemByLine(System.Int32)">
            <summary>
            获取某一工站所有需要测量上下限的 产品信息
            </summary>
            <param name="SectionId"></param>
            <returns></returns>
        </member>
        <member name="M:Siger.ApiACC.Controllers.AccDashboardController.GetUpdownlimitByProduct(Siger.Middlelayer.AccRepository.Request.RequestUpdownlimit)">
            <summary>
            获取某一产品上下限实际值
            </summary>
            <returns></returns>
        </member>
        <member name="M:Siger.ApiACC.Controllers.AppAssembController.CheckSN(Siger.Middlelayer.AccRepository.Request.RequestSNList)">
            <summary>
            根据SN获取产品信息
            </summary>
            <param name="requestSN"></param>
            <returns></returns>
        </member>
        <member name="M:Siger.ApiACC.Controllers.AppAssembController.GetProcesses(System.Int32)">
            <summary>
            根据产品号查询工艺路径
            </summary>
            <param name="productId"></param>
            <returns></returns>
        </member>
        <member name="M:Siger.ApiACC.Controllers.AppAssembController.GetInspectionType">
            <summary>
            查找检验类型
            </summary>
            <returns></returns>
        </member>
        <member name="M:Siger.ApiACC.Controllers.AppAssembController.GetInspection(System.String,System.Int32,System.String)">
            <summary>
            获取检验项
            </summary>
            <param name="productCode">产品编号</param>
            <param name="workStation">工位</param>
            <param name="code">检验类型</param>
            <returns></returns>
        </member>
        <member name="M:Siger.ApiACC.Controllers.AppAssembController.SaveOption(Siger.Middlelayer.AccRepository.Response.RequestSaveOption)">
            <summary>
            单件检验提交
            </summary>
            <param name="request"></param>
            <returns></returns>
        </member>
        <member name="M:Siger.ApiACC.Controllers.AppAssembController.Accessories(Siger.Middlelayer.AccRepository.Request.RequestAccessories)">
            <summary>
            辅料查询
            </summary>
            <param name="request"></param>
            <returns></returns>
        </member>
        <member name="M:Siger.ApiACC.Controllers.AppAssembController.AssebelProduct(Siger.Middlelayer.AccRepository.Request.RequestAssembleProduct)">
            <summary>
            装配
            </summary>
            <param name="reqAssembleData"></param>
            <returns></returns>
        </member>
        <member name="M:Siger.ApiACC.Controllers.AppAssembController.QueryData(Siger.Middlelayer.AccRepository.Request.RequestQueryData)">
            <summary>
            报表展示
            </summary>
            <param name="request"></param>
            <returns></returns>
        </member>
        <member name="T:Siger.ApiACC.Controllers.AssembController">
            <summary>
            SKF装配，数采使用
            </summary>
        </member>
        <member name="M:Siger.ApiACC.Controllers.AssembController.Save(Siger.Middlelayer.AccRepository.Request.RequestAssembObj)">
            <summary>
            SKF 装配数据保存
            </summary>
            <param name="request"></param>
            <returns></returns>
        </member>
        <member name="M:Siger.ApiACC.Controllers.AssemblyMaintenanceController.GetList(System.String,System.String,System.String,System.String,System.String,System.Int32,System.Int32)">
            <summary>
            获取分页 
            </summary>
            <param name="line"></param>
            <param name="station"></param>
            <param name="serial_number"></param>
            <param name="parent_serial"></param>
            <param name="child_serial"></param>
            <param name="page"></param>
            <param name="pagesize"></param>
            <returns></returns>
        </member>
        <member name="M:Siger.ApiACC.Controllers.AssemblyMaintenanceController.Add(Siger.Middlelayer.AccRepository.Request.RequestAddAssemblyMaintenance)">
            <summary>
            修改记录
            </summary>
            <param name="maintenance"></param>
            <returns></returns>
        </member>
        <member name="M:Siger.ApiACC.Controllers.AssemblyMaintenanceController.Delete(System.Int32)">
            <summary>
            删除记录
            </summary>
            <param name="id"></param>
            <returns></returns>
        </member>
        <member name="M:Siger.ApiACC.Controllers.PackageController.Save(Siger.Middlelayer.AccRepository.Request.RequestPackage)">
            <summary>
            SKF 保存打包信息，数采使用
            </summary>
            <param name="package"></param>
            <returns></returns>
        </member>
        <member name="M:Siger.ApiACC.Controllers.PackageController.Details(System.String)">
            <summary>
            获取明细
            </summary>
            <param name="boxId"></param>
            <returns></returns>
        </member>
        <member name="M:Siger.ApiACC.Controllers.Report.GeneralController.TrackingDetail(Siger.Middlelayer.AccRepository.Request.RequestGeneralReport)">
            <summary>
            总体查询                
            </summary>
            <param name="rpt"></param>
            <returns></returns>
        </member>
        <member name="M:Siger.ApiACC.Controllers.Report.GeneralController.GetPackage(Siger.Middlelayer.AccRepository.Request.RequestGeneralReport)">
            <summary>
            SKF 报表- 打包信息 
            </summary>
            <param name="report"></param>
            <returns></returns>
        </member>
        <member name="M:Siger.ApiACC.Controllers.Report.GeneralController.GetAssmbData(Siger.Middlelayer.AccRepository.Request.RequestGeneralReport)">
            <summary>
            SKF 报表- 装配信息 
            </summary>
            <param name="report"></param>
            <returns></returns>
        </member>
        <member name="M:Siger.ApiACC.Controllers.Report.GeneralController.GetTrace(Siger.Middlelayer.AccRepository.Request.RequestGeneralReport)">
            <summary>
            SKF 报表 - 过站信息
            </summary>
            <param name="report"></param>
            <returns></returns>
        </member>
        <member name="M:Siger.ApiACC.Controllers.Report.SeqDetailByDateController.ExportSnAsync(System.String,System.String,System.String,System.String,System.Int32,System.String)">
            <summary>
            导出sn信息
            </summary>
            <param name="number"></param>
            <param name="dtStart"></param>
            <param name="dtEnd"></param>
             <param name="productId"></param>
             <param name="line"></param>
             <param name="pn"></param>
            <returns></returns>
        </member>
        <member name="M:Siger.ApiACC.Controllers.Report.SeqDetailByDateController.ExportTraceAsync(System.String,System.String,System.String,System.String,System.Int32,System.Int32,System.String)">
            <summary>
            导出过站信息
            </summary>
            <param name="number"></param>
            <param name="dtStart"></param>
            <param name="dtEnd"></param>
            <param name="productId"></param>
            <param name="line"></param>
            <param name="station"></param>
            <param name="pn"></param>
            <returns></returns>
        </member>
        <member name="M:Siger.ApiACC.Controllers.Report.SeqDetailByDateController.ExportTraceDtsAsync(System.String,System.String,System.String,System.String,System.Int32,System.Int32,System.String)">
            <summary>
            导出过站明细信息
            </summary>
            <param name="number"></param>
            <param name="dtStart"></param>
            <param name="dtEnd"></param>
            <param name="productId"></param>
            <param name="line"></param>
            <param name="station"></param>
            <param name="pn"></param>
            <returns></returns>
        </member>
        <member name="M:Siger.ApiACC.Controllers.Report.SNController.GetSnData(Siger.Middlelayer.AccRepository.Request.RequestQuerySnData)">
            <summary>
            1.2追溯查询SN
            </summary>
            <param name="req"></param>
            <returns></returns>
        </member>
        <member name="M:Siger.ApiACC.Controllers.Report.SNController.GetTraceDataAsync(Siger.Middlelayer.AccRepository.Request.RequestQuerySnData)">
            <summary>
            1.2追溯查询Trace
            </summary>
            <param name="req"></param>
            <returns></returns>
        </member>
        <member name="M:Siger.ApiACC.Controllers.Report.SNController.GetTraceDetail(System.String)">
            <summary>
            1.2追溯查询TraceDetail
            </summary>
            <param name="seqid"></param>
            <returns></returns>
        </member>
        <member name="M:Siger.ApiACC.Controllers.Report.SNController.GetSummaryData">
            <summary>
            获取首页汇总数据
            </summary>
            <returns></returns>
        </member>
        <member name="M:Siger.ApiACC.Controllers.Report.SNController.ExportData(Siger.Middlelayer.AccRepository.Request.RequestQuerySnData)">
            <summary>
            导出sn信息
            </summary>
            <param name="req"></param>
            <returns></returns>
        </member>
        <member name="M:Siger.ApiACC.Controllers.RoutingController.GetData(Siger.Middlelayer.AccRepository.Request.RequestRoutingConfig)">
            <summary>
            获取工艺路由配置数据
            </summary>
            <param name="req"></param>
            <returns></returns>
        </member>
        <member name="M:Siger.ApiACC.Controllers.RoutingController.ModifyData(Siger.Middlelayer.AccRepository.Request.RequestRoutingConfig)">
            <summary>
            修改工艺路由配置数据（只能改上一站和结果）
            </summary>
            <param name="req"></param>
            <returns></returns>
        </member>
        <member name="M:Siger.ApiACC.Controllers.RoutingController.DeleteData(Siger.Middlelayer.AccRepository.Request.RequestRoutingConfig)">
            <summary>
            删除工艺路由配置数据
            </summary>
            <param name="req"></param>
            <returns></returns>
        </member>
        <member name="M:Siger.ApiACC.Controllers.RoutingController.AddData(Siger.Middlelayer.AccRepository.Request.RequestRoutingConfig)">
            <summary>
            添加工艺路由配置数据
            </summary>
            <param name="req"></param>
            <returns></returns>
        </member>
        <member name="M:Siger.ApiACC.Controllers.RoutingController.ExportData(Siger.Middlelayer.AccRepository.Request.RequestRoutingConfig)">
            <summary>
            导出工艺路由配置数据
            </summary>
            <param name="req"></param>
            <returns></returns>
        </member>
        <member name="M:Siger.ApiACC.Controllers.RoutingController.GetProcessData(System.String,System.String)">
            <summary>
            获取工艺信息
            </summary>
            <param name="type"></param>
            <param name="code"></param>
            <returns></returns>
        </member>
        <member name="M:Siger.ApiACC.Controllers.RoutingController.GetResultData">
            <summary>
            工位结果
            </summary>
            <returns></returns>
        </member>
        <member name="M:Siger.ApiACC.Controllers.RoutingController.GetRoutingData(Siger.Middlelayer.AccRepository.Request.RequestRoutingConfig)">
            <summary>
            获取路由信息
            </summary>
            <param name="req"></param>
            <returns></returns>
        </member>
        <member name="M:Siger.ApiACC.Controllers.RoutingController.GetStatus(System.Int32,System.String)">
            <summary>
            出站状态
            </summary>
            <param name="sectionId"></param>
            <param name="even"></param>
            <returns></returns>
        </member>
        <member name="M:Siger.ApiACC.Controllers.RoutingInStationController.GetJson(System.Int32,System.String)">
            <summary>
            获取路由可视化数据
            </summary>
            <param name="line"></param>
            <param name="product_id"></param>
            <returns></returns>
        </member>
        <member name="M:Siger.ApiACC.Controllers.RoutingOutStationController.GetStatus(System.Int32,System.String)">
            <summary>
            出站状态
            </summary>
            <param name="sectionId"></param>
            <param name="even"></param>
            <returns></returns>
        </member>
        <member name="M:Siger.ApiACC.Controllers.SerinumConfigController.GetList(System.String,System.Int32,System.Int32,System.Int32)">
            <summary>
            查询
            </summary>
            <param name="productCode"></param>
            <param name="rule"></param>
            <param name="page"></param>
            <param name="pagesize"></param>
            <returns></returns>
        </member>
        <member name="M:Siger.ApiACC.Controllers.SerinumConfigController.Add(Siger.Middlelayer.AccRepository.Request.RequestAddSerinumCfg)">
            <summary>
            增加
            </summary>
            <param name="requestAdd"></param>
            <returns></returns>
        </member>
        <member name="M:Siger.ApiACC.Controllers.SerinumConfigController.Update(Siger.Middlelayer.AccRepository.Request.RequestAddSerinumCfg)">
            <summary>
            修改
            </summary>
            <param name="requestUpdate"></param>
            <returns></returns>
        </member>
        <member name="M:Siger.ApiACC.Controllers.SerinumConfigController.Delete(Siger.Middlelayer.AccRepository.Request.RequestAddSerinumCfg)">
            <summary>
            删除
            </summary>
            <param name="requestDel"></param>
            <returns></returns>
        </member>
        <member name="M:Siger.ApiACC.Controllers.SerinumConfigController.ExportData(System.String,System.Int32)">
            <summary>
            导出
            </summary>
            <param name="productCode"></param>
            <param name="runtype"></param>
            <returns></returns>
        </member>
        <member name="M:Siger.ApiACC.Controllers.SnlistController.Getlist(System.String,System.Int32,System.String,System.Int32,System.Int32)">
            <summary>
            流转卡打印
            </summary>
            <param name="productCode"></param>
            <param name="woType"></param>
            <param name="wo"></param>
            <param name="page"></param>
            <param name="pagesize"></param>
            <returns></returns>
        </member>
        <member name="M:Siger.ApiACC.Controllers.StationBaseSettingController.GetBaseSettingsItemTree">
            <summary>
            获取功能列表
            </summary>
            <returns></returns>
        </member>
        <member name="M:Siger.ApiACC.Controllers.StationBaseSettingController.SaveBaseSettingData(System.Int32,System.Int32)">
            <summary>
            保存工位功能设置
            </summary>
            <param name="section"></param>
            <param name="seq"></param>
            <returns></returns>
        </member>
        <member name="M:Siger.ApiACC.Controllers.StationBaseSettingController.DeleteBaseSettingData(System.Int32,System.Int32)">
            <summary>
            删除工位功能设置
            </summary>
            <param name="section"></param>
            <param name="seq"></param>
            <returns></returns>
        </member>
        <member name="M:Siger.ApiACC.Controllers.StationBaseSettingController.GetBaseSettings(System.Int32)">
            <summary>
            工位所有设置
            </summary>
            <param name="section"></param>
            <returns></returns>
        </member>
        <member name="M:Siger.ApiACC.Controllers.StationBaseSettingController.GetSectionTree">
            <summary>
            获取产线层级
            </summary>
            <returns></returns>
        </member>
        <member name="M:Siger.ApiACC.Controllers.StationBaseSettingController.GetSectionData">
            <summary>
            获取产线层级
            </summary>
            <returns></returns>
        </member>
        <member name="M:Siger.ApiACC.Controllers.TraceController.SaveTraceInfo(Siger.Middlelayer.AccRepository.Request.RequestTraceDetailsList)">
            <summary>
            保存Trace 1.2
            </summary>
            <param name="trace"></param>
            <returns></returns>
        </member>
        <member name="M:Siger.ApiACC.Controllers.TraceController.SaveTraceDetils(Siger.Middlelayer.AccRepository.Request.RequestTraceDetails)">
            <summary>
            保存Tr_SN_TraceDetails 记录
            </summary>
            <returns></returns>
        </member>
        <member name="M:Siger.ApiACC.Controllers.TraceController.CheckSn(Siger.Middlelayer.AccRepository.Request.RequestSnData)">
            <summary>
            检查Sn信息
            </summary>
            <param name="requestSnData"></param>
            <returns></returns>
        </member>
        <member name="M:Siger.ApiACC.Controllers.TraceController.GetTraceData(Siger.Middlelayer.AccRepository.Request.RequestSnData)">
            <summary>
            获取Trace记录
            </summary>
            <param name="requestSnData"></param>
            <returns></returns>
        </member>
        <member name="M:Siger.ApiACC.Controllers.TraceController.GetLineStationData(System.Int32)">
            <summary>
            获取产线工站信息
            </summary>
            <param name="section"></param>
            <returns></returns>
        </member>
        <member name="M:Siger.ApiACC.Controllers.TraceController.Save(Siger.Middlelayer.AccRepository.Request.RequestTraceDetailsList)">
            <summary>
            /SKF 过站信息 
            </summary>
            <param name="trace"></param>
            <returns></returns>
        </member>
        <member name="M:Siger.ApiACC.Controllers.TraceController.GetDetails(System.String)">
            <summary>
            SKF 过站明细
            </summary>
            <param name="guid"></param>
            <returns></returns>
        </member>
        <member name="M:Siger.ApiACC.Controllers.UploadController.ImportMaterialTypeInfo(System.String)">
            <summary>
            物料类别信息导入
            </summary>
            <param name="temporaryFilePath"></param>
            <returns></returns>
        </member>
        <member name="M:Siger.ApiACC.Tasks.AccCalculateTraceJob.GetStations(System.Int32)">
            <summary>
            获取产线最后一层
            </summary>
            <param name="pid"></param>
            <returns></returns>
        </member>
        <member name="M:Siger.ApiACC.Tasks.Scheduler.StartUp">
            <summary>
            启动定时任务
            </summary>
        </member>
        <member name="M:Siger.ApiACC.Tasks.Scheduler.Stop">
            <summary>
            停止定时任务
            </summary>
        </member>
    </members>
</doc>
