<?xml version="1.0"?>
<doc>
    <assembly>
        <name>Siger.Middlelayer.CncRepository</name>
    </assembly>
    <members>
        <member name="T:Siger.Middlelayer.CncRepository.Entities.siger_project_beat_set">
            <summary>
            siger_project_beat_set Entity Model
            </summary>   
        </member>
        <member name="P:Siger.Middlelayer.CncRepository.Entities.siger_project_beat_set.section_id">
            <summary>
            产线id
            </summary>
        </member>
        <member name="P:Siger.Middlelayer.CncRepository.Entities.siger_project_beat_set.machineID">
            <summary>
            设备id
            </summary>
        </member>
        <member name="P:Siger.Middlelayer.CncRepository.Entities.siger_project_beat_set.projectID">
            <summary>
            pId
            </summary>
        </member>
        <member name="P:Siger.Middlelayer.CncRepository.Entities.siger_project_beat_set.process_number">
            <summary>
            加工程序号
            </summary>
        </member>
        <member name="P:Siger.Middlelayer.CncRepository.Entities.siger_project_beat_set.product_name">
            <summary>
            产品名称 编号
            </summary>
        </member>
        <member name="P:Siger.Middlelayer.CncRepository.Entities.siger_project_beat_set.drawing_number">
            <summary>
            产品图纸号
            </summary>
        </member>
        <member name="P:Siger.Middlelayer.CncRepository.Entities.siger_project_beat_set.standard_besat">
            <summary>
            标准节拍(单位/ 秒 S )
            </summary>
        </member>
        <member name="P:Siger.Middlelayer.CncRepository.Entities.siger_project_beat_set.daily_standard_output">
            <summary>
            日标准产量(单位/pcs个)
            </summary>
        </member>
        <member name="P:Siger.Middlelayer.CncRepository.Entities.siger_project_beat_set.add_time">
            <summary>
            添加时间
            </summary>
        </member>
        <member name="P:Siger.Middlelayer.CncRepository.Entities.siger_project_beat_set.edit_time">
            <summary>
            修改时间
            </summary>
        </member>
        <member name="P:Siger.Middlelayer.CncRepository.Entities.siger_project_beat_set.product_name_text">
            <summary>
            产品名称
            </summary>
        </member>
        <member name="P:Siger.Middlelayer.CncRepository.Entities.siger_project_beat_set.changemodeltime">
            <summary>
            换型时间
            </summary>
        </member>
        <member name="P:Siger.Middlelayer.CncRepository.Entities.siger_project_beat_set.route_number">
            <summary>
            工序顺序
            </summary>
        </member>
        <member name="P:Siger.Middlelayer.CncRepository.Entities.siger_project_beat_set.route_name">
            <summary>
            工序名称
            </summary>
        </member>
        <member name="P:Siger.Middlelayer.CncRepository.Entities.siger_project_beat_set.updown_besat">
            <summary>
            上下料时间
            </summary>
        </member>
        <member name="P:Siger.Middlelayer.CncRepository.Entities.siger_project_beat_set.yieldrate">
            <summary>
            产量比率
            </summary>
        </member>
        <member name="P:Siger.Middlelayer.CncRepository.Entities.siger_project_beat_set.start_time">
            <summary>
            有效开始时间
            </summary>
        </member>
        <member name="P:Siger.Middlelayer.CncRepository.Entities.siger_project_beat_set.end_time">
            <summary>
            有效结束时间
            </summary>
        </member>
        <member name="P:Siger.Middlelayer.CncRepository.Entities.siger_project_machine_param_alarm.project_id">
            <summary>
            
            </summary>
        </member>
        <member name="P:Siger.Middlelayer.CncRepository.Entities.siger_project_machine_param_alarm.machine_id">
            <summary>
            
            </summary>
        </member>
        <member name="P:Siger.Middlelayer.CncRepository.Entities.siger_project_machine_param_alarm.product_id">
            <summary>
            _project_product.id 产品id（废弃，不再使用产品id）
            </summary>
        </member>
        <member name="P:Siger.Middlelayer.CncRepository.Entities.siger_project_machine_param_alarm.axis_speed_top">
            <summary>
            主轴转速上限
            </summary>
        </member>
        <member name="P:Siger.Middlelayer.CncRepository.Entities.siger_project_machine_param_alarm.axis_speed_low">
            <summary>
            主轴转速下限
            </summary>
        </member>
        <member name="P:Siger.Middlelayer.CncRepository.Entities.siger_project_machine_param_alarm.axis_rate_top">
            <summary>
            主轴倍率上限
            </summary>
        </member>
        <member name="P:Siger.Middlelayer.CncRepository.Entities.siger_project_machine_param_alarm.axis_rate_low">
            <summary>
            主轴倍率下限
            </summary>
        </member>
        <member name="P:Siger.Middlelayer.CncRepository.Entities.siger_project_machine_param_alarm.feed_amount_top">
            <summary>
            进给量上限
            </summary>
        </member>
        <member name="P:Siger.Middlelayer.CncRepository.Entities.siger_project_machine_param_alarm.feed_amount_low">
            <summary>
            进给量下限
            </summary>
        </member>
        <member name="P:Siger.Middlelayer.CncRepository.Entities.siger_project_machine_param_alarm.feed_rate_top">
            <summary>
            进给倍率上限
            </summary>
        </member>
        <member name="P:Siger.Middlelayer.CncRepository.Entities.siger_project_machine_param_alarm.feed_rate_low">
            <summary>
            进给倍率下限
            </summary>
        </member>
        <member name="P:Siger.Middlelayer.CncRepository.Entities.siger_project_machine_status_timesetting.parentTypeId">
            <summary>
            父级ID
            </summary>
        </member>
        <member name="P:Siger.Middlelayer.CncRepository.Entities.siger_project_machine_status_timesetting.parentTypeName">
            <summary>
            父级title
            </summary>
        </member>
        <member name="P:Siger.Middlelayer.CncRepository.Entities.siger_project_machine_status_timesetting.childTypeId">
            <summary>
            子级ID
            </summary>
        </member>
        <member name="P:Siger.Middlelayer.CncRepository.Entities.siger_project_machine_status_timesetting.childTypeName">
            <summary>
            子级title
            </summary>
        </member>
        <member name="P:Siger.Middlelayer.CncRepository.Entities.siger_project_machine_status_timesetting.free">
            <summary>
            空闲 -- 分钟
            </summary>
        </member>
        <member name="P:Siger.Middlelayer.CncRepository.Entities.siger_project_machine_status_timesetting.fault">
            <summary>
            异常 -- 分钟
            </summary>
        </member>
        <member name="P:Siger.Middlelayer.CncRepository.Entities.siger_project_machine_status_timesetting.debugging">
            <summary>
            手动调试 -- 分钟
            </summary>
        </member>
        <member name="P:Siger.Middlelayer.CncRepository.Entities.siger_project_machine_status_timesetting.projectId">
            <summary>
            项目id
            </summary>
        </member>
        <member name="P:Siger.Middlelayer.CncRepository.Entities.siger_project_machine_status_timesetting.add_time">
            <summary>
            添加时间
            </summary>
        </member>
        <member name="P:Siger.Middlelayer.CncRepository.Entities.siger_project_machine_status_timesetting.edit_time">
            <summary>
            修改时间
            </summary>
        </member>
        <member name="T:Siger.Middlelayer.CncRepository.Entities.siger_project_machine_wordingmode">
            <summary>
            siger_project_machine_wordingmode Entity Model
            </summary>   
        </member>
        <member name="P:Siger.Middlelayer.CncRepository.Entities.siger_project_machine_wordingmode.parentid">
            <summary>
            父级ID
            </summary>
        </member>
        <member name="P:Siger.Middlelayer.CncRepository.Entities.siger_project_machine_wordingmode.parentname">
            <summary>
            父级名称-不映射数据库
            </summary>
        </member>
        <member name="P:Siger.Middlelayer.CncRepository.Entities.siger_project_machine_wordingmode.machineftype1Id">
            <summary>
            父级设备类型ID
            </summary>
        </member>
        <member name="P:Siger.Middlelayer.CncRepository.Entities.siger_project_machine_wordingmode.machineftype1name">
            <summary>
            父级设备类型title
            </summary>
        </member>
        <member name="P:Siger.Middlelayer.CncRepository.Entities.siger_project_machine_wordingmode.machinectype1Id">
            <summary>
            子级设备类型ID
            </summary>
        </member>
        <member name="P:Siger.Middlelayer.CncRepository.Entities.siger_project_machine_wordingmode.machinectype1name">
            <summary>
            子级设备类型title
            </summary>
        </member>
        <member name="P:Siger.Middlelayer.CncRepository.Entities.siger_project_machine_wordingmode.workingmodename">
            <summary>
            工作模式名称
            </summary>
        </member>
        <member name="P:Siger.Middlelayer.CncRepository.Entities.siger_project_machine_wordingmode.notelist">
            <summary>
            备注
            </summary>
        </member>
        <member name="P:Siger.Middlelayer.CncRepository.Entities.siger_project_machine_wordingmode.projectid">
            <summary>
            
            </summary>
        </member>
        <member name="P:Siger.Middlelayer.CncRepository.Entities.siger_project_machine_wordingmode.add_time">
            <summary>
            添加时间
            </summary>
        </member>
        <member name="P:Siger.Middlelayer.CncRepository.Entities.siger_project_machine_wordingmode.edit_time">
            <summary>
            修改时间
            </summary>
        </member>
        <member name="P:Siger.Middlelayer.CncRepository.Entities.siger_project_produce_schedule.sectionId">
            <summary>
            设备ID
            </summary>
        </member>
        <member name="T:Siger.Middlelayer.CncRepository.Entities.siger_project_production_time">
            <summary>
            siger_project_production_time Entity Model
            </summary>   
        </member>
        <member name="P:Siger.Middlelayer.CncRepository.Entities.siger_project_production_time.sectionid">
            <summary>
            产线层级id
            </summary>
        </member>
        <member name="P:Siger.Middlelayer.CncRepository.Entities.siger_project_production_time.type">
            <summary>
            类型
            </summary>
        </member>
        <member name="P:Siger.Middlelayer.CncRepository.Entities.siger_project_production_time.bing_time">
            <summary>
            开始时间
            </summary>
        </member>
        <member name="P:Siger.Middlelayer.CncRepository.Entities.siger_project_production_time.end_time">
            <summary>
            结束时间
            </summary>
        </member>
        <member name="P:Siger.Middlelayer.CncRepository.Entities.siger_project_production_time.add_time">
            <summary>
            添加时间
            </summary>
        </member>
        <member name="P:Siger.Middlelayer.CncRepository.Entities.siger_project_production_time.edit_time">
            <summary>
            修改时间
            </summary>
        </member>
        <member name="P:Siger.Middlelayer.CncRepository.Entities.siger_project_production_time.founder">
            <summary>
            创建人 
            </summary>
        </member>
        <member name="P:Siger.Middlelayer.CncRepository.Entities.siger_project_production_time.projectid">
            <summary>
            pid
            </summary>
        </member>
        <member name="P:Siger.Middlelayer.CncRepository.Entities.siger_project_production_time.machineid">
            <summary>
            设备id
            </summary>
        </member>
        <member name="P:Siger.Middlelayer.CncRepository.Entities.siger_project_production_time.typeid">
            <summary>
            参照枚举 ProductionTimeType
            </summary>
        </member>
        <member name="T:Siger.Middlelayer.CncRepository.Entities.siger_project_product_plan">
            <summary>
            siger_project_product_plan Entity Model
            </summary>   
        </member>
        <member name="P:Siger.Middlelayer.CncRepository.Entities.siger_project_product_plan.projectid">
            <summary>
            
            </summary>
        </member>
        <member name="P:Siger.Middlelayer.CncRepository.Entities.siger_project_product_plan.product_id">
            <summary>
            _product 表 id
            </summary>
        </member>
        <member name="P:Siger.Middlelayer.CncRepository.Entities.siger_project_product_plan.product_name">
            <summary>
            产品名称
            </summary>
        </member>
        <member name="P:Siger.Middlelayer.CncRepository.Entities.siger_project_product_plan.draw_number">
            <summary>
            图纸号
            </summary>
        </member>
        <member name="P:Siger.Middlelayer.CncRepository.Entities.siger_project_product_plan.cycle_time">
            <summary>
            节拍
            </summary>
        </member>
        <member name="P:Siger.Middlelayer.CncRepository.Entities.siger_project_product_plan.program_number">
            <summary>
            程序号
            </summary>
        </member>
        <member name="P:Siger.Middlelayer.CncRepository.Entities.siger_project_product_plan.code">
            <summary>
            工单号
            </summary>
        </member>
        <member name="P:Siger.Middlelayer.CncRepository.Entities.siger_project_product_plan.quantity">
            <summary>
            订单数量
            </summary>
        </member>
        <member name="P:Siger.Middlelayer.CncRepository.Entities.siger_project_product_plan.delivery_time">
            <summary>
            交付时间
            </summary>
        </member>
        <member name="P:Siger.Middlelayer.CncRepository.Entities.siger_project_product_plan.create_time">
            <summary>
            添加时间
            </summary>
        </member>
        <member name="P:Siger.Middlelayer.CncRepository.Entities.siger_project_product_plan.producted_number">
            <summary>
            已生产数量
            </summary>
        </member>
        <member name="P:Siger.Middlelayer.CncRepository.Entities.siger_project_product_plan.nok_number">
            <summary>
            NOK数量
            </summary>
        </member>
        <member name="P:Siger.Middlelayer.CncRepository.Entities.siger_project_product_plan.finish_time">
            <summary>
            计划完成时间
            </summary>
        </member>
        <member name="P:Siger.Middlelayer.CncRepository.Entities.siger_project_product_plan.product_code">
            <summary>
            产品编号
            </summary>
        </member>
        <member name="P:Siger.Middlelayer.CncRepository.Entities.siger_project_product_plan.partnumber">
            <summary>
            料号
            </summary>
        </member>
        <member name="P:Siger.Middlelayer.CncRepository.Entities.siger_project_product_plan.ordernumber">
            <summary>
            订单号
            </summary>
        </member>
        <member name="P:Siger.Middlelayer.CncRepository.Entities.siger_project_product_plan.workordertype">
            <summary>
            工单类型
            </summary>
        </member>
        <member name="P:Siger.Middlelayer.CncRepository.Entities.siger_project_product_plan.autogenerate">
            <summary>
            是否自动生成序号
            </summary>
        </member>
        <member name="P:Siger.Middlelayer.CncRepository.Entities.siger_project_product_plan.source">
            <summary>
            1: 手动添加 2：Excel导入 3：ERP对接
            </summary>
        </member>
        <member name="P:Siger.Middlelayer.CncRepository.Entities.siger_project_product_plan.install_count">
            <summary>
            装机数量
            </summary>
        </member>
        <member name="P:Siger.Middlelayer.CncRepository.Entities.siger_project_product_plan_change.approval_status">
            <summary>
            审批状态 0 未审批 1通过
            </summary>
        </member>
        <member name="P:Siger.Middlelayer.CncRepository.Entities.siger_project_working_machine_states.state_type">
            <summary>
            0 正常 1 异常
            </summary>
        </member>
        <member name="P:Siger.Middlelayer.CncRepository.Entities.siger_tr_basketful_position.orderno">
            <summary>
            订单号
            </summary>
        </member>
        <member name="P:Siger.Middlelayer.CncRepository.Entities.siger_tr_basketful_position.orderqty">
            <summary>
            订单数量
            </summary>
        </member>
        <member name="P:Siger.Middlelayer.CncRepository.Entities.siger_tr_basketful_position.workcode">
            <summary>
            工单号
            </summary>
        </member>
        <member name="P:Siger.Middlelayer.CncRepository.Entities.siger_tr_basketful_position.productbh">
            <summary>
            产品编号
            </summary>
        </member>
        <member name="P:Siger.Middlelayer.CncRepository.Entities.siger_tr_basketful_position.productname">
            <summary>
            产品名称
            </summary>
        </member>
        <member name="P:Siger.Middlelayer.CncRepository.Entities.siger_tr_basketful_position.producttype">
            <summary>
            产品型号
            </summary>
        </member>
        <member name="P:Siger.Middlelayer.CncRepository.Entities.siger_tr_basketful_position.type">
            <summary>
            类型 1：工单 2：料框
            </summary>
        </member>
        <member name="P:Siger.Middlelayer.CncRepository.Entities.siger_tr_basketful_position.upload">
            <summary>
            上料数量
            </summary>
        </member>
        <member name="P:Siger.Middlelayer.CncRepository.Entities.siger_tr_basketful_position.report">
            <summary>
             报工数量
            </summary>
        </member>
        <member name="P:Siger.Middlelayer.CncRepository.Entities.siger_tr_basketful_position.nok">
            <summary>
            工废数量
            </summary>
        </member>
        <member name="P:Siger.Middlelayer.CncRepository.Entities.siger_tr_basketful_position.nok2">
            <summary>
            料废数量
            </summary>
        </member>
        <member name="P:Siger.Middlelayer.CncRepository.Entities.siger_tr_basketful_position.basketcount">
            <summary>
            料框当前数量
            </summary>
        </member>
        <member name="P:Siger.Middlelayer.CncRepository.Entities.siger_tr_basketful_position.currbasket">
            <summary>
            关联料框状态
            </summary>
        </member>
        <member name="M:Siger.Middlelayer.CncRepository.Repositories.Interface.IProductPlanDetailRepository.GetPlanExecuteList(System.Int32,System.Int32,System.Int32,System.Int32,System.Int32,System.Int32,System.Int32)">
            <summary>
            生产计划执行
            </summary>
            <param name="startTime"></param>
            <param name="endTime"></param>
            <param name="productId"></param>
            <param name="projectId"></param>
            <param name="page"></param>
            <param name="pagesize"></param>
            <param name="toexcel"></param>
            <returns></returns>
        </member>
        <member name="M:Siger.Middlelayer.CncRepository.Repositories.Interface.IProductPlanDetailRepository.GetWorkOrderGante(System.String,System.String,System.String,System.Int32,System.Int32,System.Int32,System.Int32)">
            <summary>
            工单甘特图
            </summary>
            <param name="productName"></param>
            <param name="draw_number"></param>
            <param name="code"></param>
            <param name="status"></param>
            <param name="startTime"></param>
            <param name="endTime"></param>
            <param name="projectId"></param>
            <returns></returns>
        </member>
        <member name="M:Siger.Middlelayer.CncRepository.Repositories.Interface.IProductPlanDetailRepository.GetSignPlans(System.Int32,System.Int32,System.Collections.Generic.IEnumerable{System.Int32},System.Int32)">
            <summary>
            生产管理APP获取工单列表
            </summary>
            <param name="startTime"></param>
            <param name="endTime"></param>
            <param name="planIds"></param>
            <param name="projectId"></param>
            <returns></returns>
        </member>
        <member name="M:Siger.Middlelayer.CncRepository.Repositories.Interface.IProductPlanDetailRepository.GetWoSchedule(System.String,System.Int32)">
            <summary>
            获取排产工令单信息 （电子票据）
            </summary>
            <param name="wo"></param>
            <param name="projeceId"></param>
            <returns></returns>
        </member>
        <member name="M:Siger.Middlelayer.CncRepository.Repositories.ProductPlanDetailRepository.GetWoSchedule(System.String,System.Int32)">
            <summary>
            获取排产工令单信息 （电子票据）
            </summary>
            <param name="wo"></param>
            <param name="projeceId"></param>
            <returns></returns>
        </member>
        <member name="P:Siger.Middlelayer.CncRepository.Request.RequestAddProduceplan.product_code">
            <summary>
            产品编号
            </summary>
        </member>
        <member name="P:Siger.Middlelayer.CncRepository.Request.RequestAddProduceplan.partnumber">
            <summary>
            料号
            </summary>
        </member>
        <member name="P:Siger.Middlelayer.CncRepository.Request.RequestAddProduceplan.ordernumber">
            <summary>
            订单号
            </summary>
        </member>
        <member name="P:Siger.Middlelayer.CncRepository.Request.RequestAddProduceplan.workordertype">
            <summary>
            工单类型
            </summary>
        </member>
        <member name="P:Siger.Middlelayer.CncRepository.Request.RequestAddProduceplan.autogenerate">
            <summary>
            是否自动生成序号
            </summary>
        </member>
        <member name="P:Siger.Middlelayer.CncRepository.Request.RequestAddProduceReport.code">
            <summary>
            工令单号
            </summary>
        </member>
        <member name="P:Siger.Middlelayer.CncRepository.Request.RequestAddSchedule.planId">
            <summary>
            计划ID
            </summary>
        </member>
        <member name="P:Siger.Middlelayer.CncRepository.Request.WorkOrderInfo.orderNumber">
            <summary>
            工令单号
            </summary>
        </member>
        <member name="P:Siger.Middlelayer.CncRepository.Request.WorkOrderInfo.levelId">
            <summary>
            产线ID
            </summary>
        </member>
        <member name="P:Siger.Middlelayer.CncRepository.Request.WorkOrderInfo.count">
            <summary>
            批次数量
            </summary>
        </member>
        <member name="P:Siger.Middlelayer.CncRepository.Request.WorkOrderInfo.sectionId">
            <summary>
            工位ID
            </summary>
        </member>
        <member name="P:Siger.Middlelayer.CncRepository.Request.RequestChanglingAddSchedule.planId">
            <summary>
            计划ID
            </summary>
        </member>
        <member name="P:Siger.Middlelayer.CncRepository.Request.ChanglingWorkOrderInfo.orderNumber">
            <summary>
            工令单号
            </summary>
        </member>
        <member name="P:Siger.Middlelayer.CncRepository.Request.ChanglingWorkOrderInfo.count">
            <summary>
            批次数量
            </summary>
        </member>
        <member name="P:Siger.Middlelayer.CncRepository.Request.ChanglingWorkOrderInfo.machine_id">
            <summary>
            设备ID
            </summary>
        </member>
        <member name="P:Siger.Middlelayer.CncRepository.Request.RequestChanglingExecuteSchedule.planId">
            <summary>
            计划ID
            </summary>
        </member>
        <member name="P:Siger.Middlelayer.CncRepository.Request.ChanglingWorkOrder.orderNumber">
            <summary>
            工令单号
            </summary>
        </member>
        <member name="P:Siger.Middlelayer.CncRepository.Request.ChanglingWorkOrder.count">
            <summary>
            批次数量
            </summary>
        </member>
        <member name="P:Siger.Middlelayer.CncRepository.Request.ChanglingWorkOrder.route_type">
            <summary>
            工序类型
            </summary>
        </member>
        <member name="P:Siger.Middlelayer.CncRepository.Request.ChanglingWorkOrder.route_number">
            <summary>
            工序顺序
            </summary>
        </member>
        <member name="P:Siger.Middlelayer.CncRepository.Request.ChanglingWorkOrder.route_name">
            <summary>
            工序名称
            </summary>
        </member>
        <member name="P:Siger.Middlelayer.CncRepository.Request.RequestExecuteSchedule.planId">
            <summary>
            计划ID
            </summary>
        </member>
        <member name="P:Siger.Middlelayer.CncRepository.Request.WorkOrder.levelId">
            <summary>
            产线ID
            </summary>
        </member>
        <member name="P:Siger.Middlelayer.CncRepository.Request.WorkOrder.orderNumber">
            <summary>
            工令单号
            </summary>
        </member>
        <member name="P:Siger.Middlelayer.CncRepository.Request.WorkOrder.count">
            <summary>
            批次数量
            </summary>
        </member>
        <member name="P:Siger.Middlelayer.CncRepository.Request.WorkOrder.serialNumber">
            <summary>
            工序号
            </summary>
        </member>
        <member name="P:Siger.Middlelayer.CncRepository.Request.RequestModifyMachineState.type">
            <summary>
            1开始 2结束
            </summary>
        </member>
        <member name="P:Siger.Middlelayer.CncRepository.Request.RequestWorkingHourStatistics.type">
            <summary>
            0:工令号 1：人员 2：工单号
            </summary>
        </member>
        <member name="P:Siger.Middlelayer.CncRepository.Request.RequestPerformanceAnalysis.ytype">
            <summary>
            0作业效率 1作业工时 2损失工时 3有效产出工时 4实际生产工时
            </summary>
        </member>
        <member name="P:Siger.Middlelayer.CncRepository.Request.RequestPerformanceAnalysis.xtype">
            <summary>
            0时间周期 1班组 2人员
            </summary>
        </member>
        <member name="P:Siger.Middlelayer.CncRepository.Request.RequestPerformanceAnalysis.datetype">
            <summary>
            0天 1周 2月
            </summary>
        </member>
        <member name="P:Siger.Middlelayer.CncRepository.Request.RequestWorkOrderGante.code">
            <summary>
            工单号
            </summary>
        </member>
        <member name="P:Siger.Middlelayer.CncRepository.Request.RequestWoReport.Mid">
            <summary>
            报工人员MID
            </summary>
        </member>
        <member name="P:Siger.Middlelayer.CncRepository.Request.RequestWoReport.SectionId">
            <summary>
            报工工位SectionId
            </summary>
        </member>
        <member name="P:Siger.Middlelayer.CncRepository.Request.RequestWoReport.Wo">
            <summary>
            工单
            </summary>
        </member>
        <member name="P:Siger.Middlelayer.CncRepository.Request.RequestWoReport.OkCount">
            <summary>
            合格数量
            </summary>
        </member>
        <member name="P:Siger.Middlelayer.CncRepository.Request.RequestWoReport.NgCount">
            <summary>
            工废
            </summary>
        </member>
        <member name="P:Siger.Middlelayer.CncRepository.Request.RequestWoReport.NgCount2">
            <summary>
            料废
            </summary>
        </member>
        <member name="P:Siger.Middlelayer.CncRepository.Request.RequestWoReport.DebugCount">
            <summary>
            试料
            </summary>
        </member>
        <member name="P:Siger.Middlelayer.CncRepository.Request.RequestInspection.Mid">
            <summary>
            报工人员MID
            </summary>
        </member>
        <member name="P:Siger.Middlelayer.CncRepository.Request.RequestInspection.SectionId">
            <summary>
            报工工位SectionId
            </summary>
        </member>
        <member name="P:Siger.Middlelayer.CncRepository.Request.RequestInspection.Wo">
            <summary>
            工单
            </summary>
        </member>
        <member name="P:Siger.Middlelayer.CncRepository.Request.RequestInspection.Type">
            <summary>
             检验类型
            </summary>
        </member>
        <member name="P:Siger.Middlelayer.CncRepository.Request.RequestCheckItem.Item">
            <summary>
            检验项
            </summary>
        </member>
        <member name="P:Siger.Middlelayer.CncRepository.Request.RequestCheckItem.OKCount">
             <summary>
            全检- 合格数量
             </summary>
        </member>
        <member name="P:Siger.Middlelayer.CncRepository.Request.RequestCheckItem.NgCount">
            <summary>
            全检-工废
            </summary>
        </member>
        <member name="P:Siger.Middlelayer.CncRepository.Request.RequestCheckItem.NgCount2">
             <summary>
            全检-料废
             </summary>
        </member>
        <member name="P:Siger.Middlelayer.CncRepository.Response.GetMachineGanteInfo.duration">
            <summary>
            周期，单位：小时
            </summary>
        </member>
        <member name="P:Siger.Middlelayer.CncRepository.Response.ResponseAllPassProductReport.ordernumber">
            <summary>
            订单号
            </summary>
        </member>
        <member name="P:Siger.Middlelayer.CncRepository.Response.ResponseAllPassProductReport.code">
            <summary>
            工单号
            </summary>
        </member>
        <member name="P:Siger.Middlelayer.CncRepository.Response.ResponseAllPassProductReport.gonglingdan">
            <summary>
            工令单
            </summary>
        </member>
        <member name="P:Siger.Middlelayer.CncRepository.Response.ResponseAllPassProductReport.worker_code">
            <summary>
            生产执行人工号
            </summary>
        </member>
        <member name="P:Siger.Middlelayer.CncRepository.Response.ResponseAllPassProductReport.worker_name">
            <summary>
            生产执行人姓名
            </summary>
        </member>
        <member name="P:Siger.Middlelayer.CncRepository.Response.ResponseAllPassProductReport.product_name">
            <summary>
            产品名称
            </summary>
        </member>
        <member name="P:Siger.Middlelayer.CncRepository.Response.ResponseBeatSet.section_id">
            <summary>
            产线id
            </summary>
        </member>
        <member name="P:Siger.Middlelayer.CncRepository.Response.ResponseBeatSet.machineID">
            <summary>
            设备id
            </summary>
        </member>
        <member name="P:Siger.Middlelayer.CncRepository.Response.ResponseBeatSet.projectID">
            <summary>
            pId
            </summary>
        </member>
        <member name="P:Siger.Middlelayer.CncRepository.Response.ResponseBeatSet.process_number">
            <summary>
            加工程序号
            </summary>
        </member>
        <member name="P:Siger.Middlelayer.CncRepository.Response.ResponseBeatSet.product_name">
            <summary>
            产品名称 编号
            </summary>
        </member>
        <member name="P:Siger.Middlelayer.CncRepository.Response.ResponseBeatSet.drawing_number">
            <summary>
            产品图纸号
            </summary>
        </member>
        <member name="P:Siger.Middlelayer.CncRepository.Response.ResponseBeatSet.standard_besat">
            <summary>
            标准节拍(单位/ 秒 S )
            </summary>
        </member>
        <member name="P:Siger.Middlelayer.CncRepository.Response.ResponseBeatSet.daily_standard_output">
            <summary>
            日标准产量(单位/pcs个)
            </summary>
        </member>
        <member name="P:Siger.Middlelayer.CncRepository.Response.ResponseBeatSet.add_time">
            <summary>
            添加时间
            </summary>
        </member>
        <member name="P:Siger.Middlelayer.CncRepository.Response.ResponseBeatSet.edit_time">
            <summary>
            修改时间
            </summary>
        </member>
        <member name="P:Siger.Middlelayer.CncRepository.Response.ResponseBeatSet.product_name_text">
            <summary>
            产品名称
            </summary>
        </member>
        <member name="P:Siger.Middlelayer.CncRepository.Response.ResponseChanglingExecuteSchedule.orderNumber">
            <summary>
            工令单号
            </summary>
        </member>
        <member name="P:Siger.Middlelayer.CncRepository.Response.ResponseChanglingExecuteSchedule.count">
            <summary>
            批次数量
            </summary>
        </member>
        <member name="P:Siger.Middlelayer.CncRepository.Response.ResponseChanglingExecuteSchedule.route_name">
            <summary>
            工序名称
            </summary>
        </member>
        <member name="P:Siger.Middlelayer.CncRepository.Response.ResponseChanglingExecuteSchedule.sectionStartTime">
            <summary>
            工站最早开始时间
            </summary>
        </member>
        <member name="P:Siger.Middlelayer.CncRepository.Response.ResponseChanglingExecuteSchedule.startTime">
            <summary>
            开始时间
            </summary>
        </member>
        <member name="P:Siger.Middlelayer.CncRepository.Response.ResponseChanglingExecuteSchedule.endTime">
            <summary>
            结束时间
            </summary>
        </member>
        <member name="P:Siger.Middlelayer.CncRepository.Response.ResponseExecuteSchedule.levelId">
            <summary>
            产线ID
            </summary>
        </member>
        <member name="P:Siger.Middlelayer.CncRepository.Response.ResponseExecuteSchedule.orderNumber">
            <summary>
            工令单号
            </summary>
        </member>
        <member name="P:Siger.Middlelayer.CncRepository.Response.ResponseExecuteSchedule.count">
            <summary>
            批次数量
            </summary>
        </member>
        <member name="P:Siger.Middlelayer.CncRepository.Response.ResponseExecuteSchedule.serialNumber">
            <summary>
            工序号
            </summary>
        </member>
        <member name="P:Siger.Middlelayer.CncRepository.Response.ResponseExecuteSchedule.sectionStartTime">
            <summary>
            工站最早开始时间
            </summary>
        </member>
        <member name="P:Siger.Middlelayer.CncRepository.Response.ResponseExecuteSchedule.startTime">
            <summary>
            开始时间
            </summary>
        </member>
        <member name="P:Siger.Middlelayer.CncRepository.Response.ResponseExecuteSchedule.endTime">
            <summary>
            结束时间
            </summary>
        </member>
        <member name="P:Siger.Middlelayer.CncRepository.Response.ResponseGetCrashList.code">
            <summary>
            工单号
            </summary>
        </member>
        <member name="P:Siger.Middlelayer.CncRepository.Response.ResponseGetCrashList.orderNumber">
            <summary>
            工令号
            </summary>
        </member>
        <member name="P:Siger.Middlelayer.CncRepository.Response.ResponseGetCrashList.productName">
            <summary>
            产品名称
            </summary>
        </member>
        <member name="P:Siger.Middlelayer.CncRepository.Response.ResponseGetCrashList.location">
            <summary>
            设备位置
            </summary>
        </member>
        <member name="P:Siger.Middlelayer.CncRepository.Response.ResponseGetMachineGante.duration">
            <summary>
            周期，单位：小时
            </summary>
        </member>
        <member name="P:Siger.Middlelayer.CncRepository.Response.ResponseGetOrders.product_id">
            <summary>
            _product 表 id
            </summary>
        </member>
        <member name="P:Siger.Middlelayer.CncRepository.Response.ResponseGetOrders.product_name">
            <summary>
            产品名称
            </summary>
        </member>
        <member name="P:Siger.Middlelayer.CncRepository.Response.ResponseGetOrders.product_code">
            <summary>
            产品名称
            </summary>
        </member>
        <member name="P:Siger.Middlelayer.CncRepository.Response.ResponseGetOrders.code">
            <summary>
            工单号
            </summary>
        </member>
        <member name="P:Siger.Middlelayer.CncRepository.Response.ResponseGetOrders.quantity">
            <summary>
            订单数量
            </summary>
        </member>
        <member name="P:Siger.Middlelayer.CncRepository.Response.ResponseGetOrders.producted_number">
            <summary>
            已生产数量
            </summary>
        </member>
        <member name="P:Siger.Middlelayer.CncRepository.Response.ResponseGetOrders.delivery_time">
            <summary>
            交付时间
            </summary>
        </member>
        <member name="P:Siger.Middlelayer.CncRepository.Response.ResponseGetOrders.difference">
            <summary>
            差额
            </summary>
        </member>
        <member name="P:Siger.Middlelayer.CncRepository.Response.ResponseGetOrders.FinishTime">
            <summary>
            完成时间
            </summary>
        </member>
        <member name="P:Siger.Middlelayer.CncRepository.Response.ResponseGetProducePlan.product_id">
            <summary>
            _product 表 id
            </summary>
        </member>
        <member name="P:Siger.Middlelayer.CncRepository.Response.ResponseGetProducePlan.product_name">
            <summary>
            产品名称
            </summary>
        </member>
        <member name="P:Siger.Middlelayer.CncRepository.Response.ResponseGetProducePlan.draw_number">
            <summary>
            图纸号
            </summary>
        </member>
        <member name="P:Siger.Middlelayer.CncRepository.Response.ResponseGetProducePlan.cycle_time">
            <summary>
            节拍
            </summary>
        </member>
        <member name="P:Siger.Middlelayer.CncRepository.Response.ResponseGetProducePlan.program_number">
            <summary>
            程序号
            </summary>
        </member>
        <member name="P:Siger.Middlelayer.CncRepository.Response.ResponseGetProducePlan.code">
            <summary>
            工单号
            </summary>
        </member>
        <member name="P:Siger.Middlelayer.CncRepository.Response.ResponseGetProducePlan.quantity">
            <summary>
            订单数量
            </summary>
        </member>
        <member name="P:Siger.Middlelayer.CncRepository.Response.ResponseGetProducePlan.delivery_time">
            <summary>
            交付时间
            </summary>
        </member>
        <member name="P:Siger.Middlelayer.CncRepository.Response.ResponseGetProducePlan.create_time">
            <summary>
            添加时间
            </summary>
        </member>
        <member name="P:Siger.Middlelayer.CncRepository.Response.ResponseGetProducePlan.producted_number">
            <summary>
            已生产数量
            </summary>
        </member>
        <member name="P:Siger.Middlelayer.CncRepository.Response.ResponseGetProducePlan.nok_number">
            <summary>
            NOK数量
            </summary>
        </member>
        <member name="P:Siger.Middlelayer.CncRepository.Response.ResponseGetProducePlan.finish_time">
            <summary>
            计划完成时间
            </summary>
        </member>
        <member name="P:Siger.Middlelayer.CncRepository.Response.ResponseGetProducePlanForSchedule.product_id">
            <summary>
            _product 表 id
            </summary>
        </member>
        <member name="P:Siger.Middlelayer.CncRepository.Response.ResponseGetProducePlanForSchedule.product_name">
            <summary>
            产品名称
            </summary>
        </member>
        <member name="P:Siger.Middlelayer.CncRepository.Response.ResponseGetProducePlanForSchedule.product_code">
            <summary>
            产品编号
            </summary>
        </member>
        <member name="P:Siger.Middlelayer.CncRepository.Response.ResponseGetProducePlanForSchedule.draw_number">
            <summary>
            图纸号
            </summary>
        </member>
        <member name="P:Siger.Middlelayer.CncRepository.Response.ResponseGetProducePlanForSchedule.cycle_time">
            <summary>
            节拍
            </summary>
        </member>
        <member name="P:Siger.Middlelayer.CncRepository.Response.ResponseGetProducePlanForSchedule.program_number">
            <summary>
            程序号
            </summary>
        </member>
        <member name="P:Siger.Middlelayer.CncRepository.Response.ResponseGetProducePlanForSchedule.code">
            <summary>
            工单号
            </summary>
        </member>
        <member name="P:Siger.Middlelayer.CncRepository.Response.ResponseGetProducePlanForSchedule.quantity">
            <summary>
            订单数量
            </summary>
        </member>
        <member name="P:Siger.Middlelayer.CncRepository.Response.ResponseGetProducePlanForSchedule.delivery_time">
            <summary>
            交付时间
            </summary>
        </member>
        <member name="P:Siger.Middlelayer.CncRepository.Response.ResponseGetProducePlanForSchedule.finish_time">
            <summary>
            计划完成时间
            </summary>
        </member>
        <member name="P:Siger.Middlelayer.CncRepository.Response.ResponseGetProductNoPlan.product_name">
            <summary>
            产品名称
            </summary>
        </member>
        <member name="P:Siger.Middlelayer.CncRepository.Response.ResponseGetProductNoPlan.draw_number">
            <summary>
            图纸号
            </summary>
        </member>
        <member name="P:Siger.Middlelayer.CncRepository.Response.ResponseGetProductNoPlan.product_code">
            <summary>
            产品编号
            </summary>
        </member>
        <member name="P:Siger.Middlelayer.CncRepository.Response.ResponseGetProductNoPlan.code">
            <summary>
            工单号
            </summary>
        </member>
        <member name="P:Siger.Middlelayer.CncRepository.Response.ResponseGetProductNoPlan.quantity">
            <summary>
            订单数量
            </summary>
        </member>
        <member name="P:Siger.Middlelayer.CncRepository.Response.ResponseGetProductNoPlan.create_time">
            <summary>
            添加时间
            </summary>
        </member>
        <member name="P:Siger.Middlelayer.CncRepository.Response.ResponseGetProductNoPlan.status">
            <summary>
            状态
            </summary>
        </member>
        <member name="P:Siger.Middlelayer.CncRepository.Response.ResponseGetProductPlan.product_name">
            <summary>
            产品名称
            </summary>
        </member>
        <member name="P:Siger.Middlelayer.CncRepository.Response.ResponseGetProductPlan.draw_number">
            <summary>
            图纸号
            </summary>
        </member>
        <member name="P:Siger.Middlelayer.CncRepository.Response.ResponseGetProductPlan.product_code">
            <summary>
            产品编号
            </summary>
        </member>
        <member name="P:Siger.Middlelayer.CncRepository.Response.ResponseGetProductPlan.workordertype">
            <summary>
            工单类型
            </summary>
        </member>
        <member name="P:Siger.Middlelayer.CncRepository.Response.ResponseGetProductPlan.partnumber">
            <summary>
            料号
            </summary>
        </member>
        <member name="P:Siger.Middlelayer.CncRepository.Response.ResponseGetProductPlan.code">
            <summary>
            工单号
            </summary>
        </member>
        <member name="P:Siger.Middlelayer.CncRepository.Response.ResponseGetProductPlan.ordernumber">
            <summary>
            订单号
            </summary>
        </member>
        <member name="P:Siger.Middlelayer.CncRepository.Response.ResponseGetProductPlan.quantity">
            <summary>
            订单数量
            </summary>
        </member>
        <member name="P:Siger.Middlelayer.CncRepository.Response.ResponseGetProductPlan.delivery_time">
            <summary>
            交付时间
            </summary>
        </member>
        <member name="P:Siger.Middlelayer.CncRepository.Response.ResponseGetProductPlan.delivery_time_str">
            <summary>
            交付时间
            </summary>
        </member>
        <member name="P:Siger.Middlelayer.CncRepository.Response.ResponseGetProductPlan.create_time">
            <summary>
            添加时间
            </summary>
        </member>
        <member name="P:Siger.Middlelayer.CncRepository.Response.ResponseGetProductPlan.create_time_str">
            <summary>
            添加时间
            </summary>
        </member>
        <member name="P:Siger.Middlelayer.CncRepository.Response.ResponseGetProductPlan.status">
            <summary>
            状态
            </summary>
        </member>
        <member name="P:Siger.Middlelayer.CncRepository.Response.ResponseGetProductPlan.plan_start">
            <summary>
            计划开始时间
            </summary>
        </member>
        <member name="P:Siger.Middlelayer.CncRepository.Response.ResponseGetProductPlan.plan_end">
            <summary>
            计划结束
            </summary>
        </member>
        <member name="P:Siger.Middlelayer.CncRepository.Response.ResponseGetProductPlan.ok_number">
            <summary>
            OK数量
            </summary>
        </member>
        <member name="P:Siger.Middlelayer.CncRepository.Response.ResponseGetProductPlan.nok_number">
            <summary>
            NOK数量
            </summary>
        </member>
        <member name="P:Siger.Middlelayer.CncRepository.Response.ResponseGetProductPlan.autogenerate">
            <summary>
            是否自动生成序号
            </summary>
        </member>
        <member name="P:Siger.Middlelayer.CncRepository.Response.ResponseGetProductPlan.source">
            <summary>
            1: 手动添加 2：Excel导入 3：ERP对接
            </summary>
        </member>
        <member name="P:Siger.Middlelayer.CncRepository.Response.ResponseGetProductPlan.batch">
            <summary>
            批次数
            </summary>
        </member>
        <member name="P:Siger.Middlelayer.CncRepository.Response.ResponseGetProductPlan.leaveDays">
            <summary>
            剩余天数
            </summary>
        </member>
        <member name="P:Siger.Middlelayer.CncRepository.Response.ResponseGetProductPlan.has_schedule">
            <summary>
            已排产数量
            </summary>
        </member>
        <member name="P:Siger.Middlelayer.CncRepository.Response.ResponseGetProductPlan.un_schedule">
            <summary>
            未排产数量
            </summary>
        </member>
        <member name="P:Siger.Middlelayer.CncRepository.Response.ResponseGetWorkOrderDetail.product_code">
            <summary>
            产品编号
            </summary>
        </member>
        <member name="P:Siger.Middlelayer.CncRepository.Response.ResponseGetWorkOrderDetail.product_name">
            <summary>
            产品名称
            </summary>
        </member>
        <member name="P:Siger.Middlelayer.CncRepository.Response.ResponseGetWorkOrderDetail.orderNumber">
            <summary>
            工令单号
            </summary>
        </member>
        <member name="P:Siger.Middlelayer.CncRepository.Response.ResponseGetWorkOrderDetail.quantity">
            <summary>
            订单数量
            </summary>
        </member>
        <member name="P:Siger.Middlelayer.CncRepository.Response.ResponseGetWorkOrderDetail.producted_number">
            <summary>
            已生产数量
            </summary>
        </member>
        <member name="P:Siger.Middlelayer.CncRepository.Response.ResponseGetWorkOrderDetail.delivery_time">
            <summary>
            交付时间
            </summary>
        </member>
        <member name="P:Siger.Middlelayer.CncRepository.Response.ResponseGetProductionInfo.type">
            <summary>
            0 没找到工单 1 找到工单
            </summary>
        </member>
        <member name="P:Siger.Middlelayer.CncRepository.Response.MachineOptionState.nomal">
            <summary>
            是否正常1=>是 0否
            </summary>
        </member>
        <member name="P:Siger.Middlelayer.CncRepository.Response.MachineOptionState.type">
            <summary>
            1=>未开始 2=>已开始/未结束
            </summary>
        </member>
        <member name="P:Siger.Middlelayer.CncRepository.Response.ResponseGetSignOrders.OrderNumber">
            <summary>
            工单号
            </summary>
        </member>
        <member name="P:Siger.Middlelayer.CncRepository.Response.ResponseGetSignOrders.DeliveryTime">
            <summary>
            交期
            </summary>
        </member>
        <member name="P:Siger.Middlelayer.CncRepository.Response.ResponseGetSignOrders.ProductName">
            <summary>
            产品名称
            </summary>
        </member>
        <member name="P:Siger.Middlelayer.CncRepository.Response.ResponseGetSignOrders.PlanCount">
            <summary>
            计划数量
            </summary>
        </member>
        <member name="P:Siger.Middlelayer.CncRepository.Response.ResponseGetSignOrders.FinishCount">
            <summary>
            完成数量
            </summary>
        </member>
        <member name="P:Siger.Middlelayer.CncRepository.Response.ResponseGetSignOrders.PassRate">
            <summary>
            合格率
            </summary>
        </member>
        <member name="P:Siger.Middlelayer.CncRepository.Response.ResponseGetSignOrders.Status">
            <summary>
            状态
            </summary>
        </member>
        <member name="P:Siger.Middlelayer.CncRepository.Response.ResponseGetSignOrders.ReportCount">
            <summary>
            今日报工
            </summary>
        </member>
        <member name="P:Siger.Middlelayer.CncRepository.Response.ResponseOrderProgress.serialNumber">
            <summary>
            工序顺序号
            </summary>
        </member>
        <member name="P:Siger.Middlelayer.CncRepository.Response.ResponseOrderProgress.description">
            <summary>
            工序说明
            </summary>
        </member>
        <member name="P:Siger.Middlelayer.CncRepository.Response.ResponseOrderProgress.plan_count">
            <summary>
            计划数量
            </summary>
        </member>
        <member name="P:Siger.Middlelayer.CncRepository.Response.ResponseOrderProgress.job_count">
            <summary>
            已派工数量
            </summary>
        </member>
        <member name="P:Siger.Middlelayer.CncRepository.Response.ResponseOrderProgress.finish_count">
            <summary>
            已完工数量
            </summary>
        </member>
        <member name="P:Siger.Middlelayer.CncRepository.Response.ResponseOrderProgress.unjob_count">
            <summary>
            未派工数量
            </summary>
        </member>
        <member name="P:Siger.Middlelayer.CncRepository.Response.ResponseOrderProgressForStop.product_name">
            <summary>
            工序顺序号
            </summary>
        </member>
        <member name="P:Siger.Middlelayer.CncRepository.Response.ResponseOrderProgressForStop.route_name">
            <summary>
            工序名称
            </summary>
        </member>
        <member name="P:Siger.Middlelayer.CncRepository.Response.ResponseOrderProgressForStop.number">
            <summary>
            工令单号
            </summary>
        </member>
        <member name="P:Siger.Middlelayer.CncRepository.Response.ResponseOrderProgressForStop.time">
            <summary>
            派工时间
            </summary>
        </member>
        <member name="P:Siger.Middlelayer.CncRepository.Response.ResponsePlanDatailsForPrint.product_name">
            <summary>
            产品名称
            </summary>
        </member>
        <member name="P:Siger.Middlelayer.CncRepository.Response.ResponsePlanDatailsForPrint.draw_number">
            <summary>
            图纸号
            </summary>
        </member>
        <member name="P:Siger.Middlelayer.CncRepository.Response.ResponsePlanDatailsForPrint.product_code">
            <summary>
            产品编号
            </summary>
        </member>
        <member name="P:Siger.Middlelayer.CncRepository.Response.ResponsePlanDatailsForPrint.partnumber">
            <summary>
            料号
            </summary>
        </member>
        <member name="P:Siger.Middlelayer.CncRepository.Response.ResponsePlanDatailsForPrint.orderNumber">
            <summary>
            工令单号
            </summary>
        </member>
        <member name="P:Siger.Middlelayer.CncRepository.Response.ResponsePlanDatailsForPrint.count">
            <summary>
            批次数量
            </summary>
        </member>
        <member name="P:Siger.Middlelayer.CncRepository.Response.ResponseProducePlanList.projectid">
            <summary>
            
            </summary>
        </member>
        <member name="P:Siger.Middlelayer.CncRepository.Response.ResponseProducePlanList.product_id">
            <summary>
            _product 表 id
            </summary>
        </member>
        <member name="P:Siger.Middlelayer.CncRepository.Response.ResponseProducePlanList.product_name">
            <summary>
            产品名称
            </summary>
        </member>
        <member name="P:Siger.Middlelayer.CncRepository.Response.ResponseProducePlanList.draw_number">
            <summary>
            图纸号
            </summary>
        </member>
        <member name="P:Siger.Middlelayer.CncRepository.Response.ResponseProducePlanList.cycle_time">
            <summary>
            节拍
            </summary>
        </member>
        <member name="P:Siger.Middlelayer.CncRepository.Response.ResponseProducePlanList.program_number">
            <summary>
            程序号
            </summary>
        </member>
        <member name="P:Siger.Middlelayer.CncRepository.Response.ResponseProducePlanList.code">
            <summary>
            工单号
            </summary>
        </member>
        <member name="P:Siger.Middlelayer.CncRepository.Response.ResponseProducePlanList.quantity">
            <summary>
            订单数量
            </summary>
        </member>
        <member name="P:Siger.Middlelayer.CncRepository.Response.ResponseProducePlanList.delivery_time">
            <summary>
            交付时间
            </summary>
        </member>
        <member name="P:Siger.Middlelayer.CncRepository.Response.ResponseProducePlanList.create_time">
            <summary>
            添加时间
            </summary>
        </member>
        <member name="P:Siger.Middlelayer.CncRepository.Response.ResponseProducePlanList.producted_number">
            <summary>
            已生产数量
            </summary>
        </member>
        <member name="P:Siger.Middlelayer.CncRepository.Response.ResponseProducePlanList.nok_number">
            <summary>
            NOK数量
            </summary>
        </member>
        <member name="P:Siger.Middlelayer.CncRepository.Response.ResponseProducePlanList.finish_time">
            <summary>
            计划完成时间
            </summary>
        </member>
        <member name="P:Siger.Middlelayer.CncRepository.Response.ResponseProducePlanList.product_code">
            <summary>
            产品编号
            </summary>
        </member>
        <member name="P:Siger.Middlelayer.CncRepository.Response.ResponseProducePlanList.partnumber">
            <summary>
            料号
            </summary>
        </member>
        <member name="P:Siger.Middlelayer.CncRepository.Response.ResponseProducePlanList.ordernumber">
            <summary>
            订单号
            </summary>
        </member>
        <member name="P:Siger.Middlelayer.CncRepository.Response.ResponseProducePlanList.workordertype">
            <summary>
            工单类型
            </summary>
        </member>
        <member name="P:Siger.Middlelayer.CncRepository.Response.ResponseProducePlanList.autogenerate">
            <summary>
            是否自动生成序号
            </summary>
        </member>
        <member name="P:Siger.Middlelayer.CncRepository.Response.ResponseScheduleByRouteId.order_number">
            <summary>
            工令单号
            </summary>
        </member>
        <member name="P:Siger.Middlelayer.CncRepository.Response.ResponseScheduleByRouteId.code">
            <summary>
            订单号
            </summary>
        </member>
        <member name="P:Siger.Middlelayer.CncRepository.Response.ResponseScheduleByRouteId.working_hours">
            <summary>
            额定工时
            </summary>
        </member>
        <member name="P:Siger.Middlelayer.CncRepository.Response.ResponseGetSignRecord.departname">
            <summary>
            部门
            </summary>
        </member>
        <member name="P:Siger.Middlelayer.CncRepository.Response.ResponseGetSignRecord.stationname">
            <summary>
            岗位
            </summary>
        </member>
        <member name="P:Siger.Middlelayer.CncRepository.Response.ResponseGetSignRecord.groupname">
            <summary>
            班组
            </summary>
        </member>
        <member name="P:Siger.Middlelayer.CncRepository.Response.GetSignRecords.workgroupids">
            <summary>
            班组
            </summary>
        </member>
        <member name="P:Siger.Middlelayer.CncRepository.Response.ResponseUserWorkTimeCount.departname">
            <summary>
            部门
            </summary>
        </member>
        <member name="P:Siger.Middlelayer.CncRepository.Response.ResponseUserWorkTimeCount.stationname">
            <summary>
            岗位
            </summary>
        </member>
        <member name="P:Siger.Middlelayer.CncRepository.Response.ResponseUserWorkTimeCount.groupname">
            <summary>
            班组
            </summary>
        </member>
        <member name="P:Siger.Middlelayer.CncRepository.Response.ResponseUserWorkTimeCount.worktime">
            <summary>
            作业工时
            </summary>
        </member>
        <member name="P:Siger.Middlelayer.CncRepository.Response.ResponseUserWorkTimeCount.losstime">
            <summary>
            损失工时
            </summary>
        </member>
        <member name="P:Siger.Middlelayer.CncRepository.Response.ResponseUserWorkTimeCount.producttime">
            <summary>
            实际生产工时
            </summary>
        </member>
        <member name="P:Siger.Middlelayer.CncRepository.Response.ResponseUserWorkTimeCount.efficiencytime">
            <summary>
            有效产出工时
            </summary>
        </member>
        <member name="P:Siger.Middlelayer.CncRepository.Response.ResponseUserWorkTimeCount.workefficiency">
            <summary>
            作业效率
            </summary>
        </member>
        <member name="P:Siger.Middlelayer.CncRepository.Response.WorkTimes.number">
            <summary>
            序号
            </summary>
        </member>
        <member name="P:Siger.Middlelayer.CncRepository.Response.WorkTimes.worktime">
            <summary>
            作业工时
            </summary>
        </member>
        <member name="P:Siger.Middlelayer.CncRepository.Response.WorkTimes.losstime">
            <summary>
            损失工时
            </summary>
        </member>
        <member name="P:Siger.Middlelayer.CncRepository.Response.WorkTimes.producttime">
            <summary>
            实际生产工时
            </summary>
        </member>
        <member name="P:Siger.Middlelayer.CncRepository.Response.WorkTimes.efficiencytime">
            <summary>
            有效产出工时
            </summary>
        </member>
        <member name="P:Siger.Middlelayer.CncRepository.Response.WorkTimes.workefficiency">
            <summary>
            作业效率
            </summary>
        </member>
        <member name="P:Siger.Middlelayer.CncRepository.Response.ResponseWorkOrderGante.code">
            <summary>
            工单号
            </summary>
        </member>
        <member name="P:Siger.Middlelayer.CncRepository.Response.ResponseWorkOrderGante.ok_number">
            <summary>
            OK数量
            </summary>
        </member>
        <member name="P:Siger.Middlelayer.CncRepository.Response.WoTraceReportInfo.ProductName">
            <summary>
            产名称
            </summary>
        </member>
        <member name="P:Siger.Middlelayer.CncRepository.Response.WoTraceReportInfo.DrawCode">
            <summary>
            图号
            </summary>
        </member>
        <member name="P:Siger.Middlelayer.CncRepository.Response.WoTraceReportInfo.Route">
            <summary>
            工序
            </summary>
        </member>
        <member name="P:Siger.Middlelayer.CncRepository.Response.WoTraceReportInfo.Item">
            <summary>
            details item
            </summary>
        </member>
        <member name="P:Siger.Middlelayer.CncRepository.Response.WoTraceReportInfo.Value">
            <summary>
            details value
            </summary>
        </member>
        <member name="P:Siger.Middlelayer.CncRepository.Response.ScheduleWoInfo.SectionId">
            <summary>
            设备产线层级
            </summary>
        </member>
        <member name="P:Siger.Middlelayer.CncRepository.Response.ScheduleWoInfo.WO">
            <summary>
            电子工单
            </summary>
        </member>
        <member name="P:Siger.Middlelayer.CncRepository.Response.ScheduleWoInfo.ProductId">
            <summary>
            订单产品编号
            </summary>
        </member>
        <member name="P:Siger.Middlelayer.CncRepository.Response.ScheduleWoInfo.ProductName">
            <summary>
            订单产品名称
            </summary>
        </member>
        <member name="P:Siger.Middlelayer.CncRepository.Response.ScheduleWoInfo.Quantity">
            <summary>
            订单数量
            </summary>
        </member>
        <member name="P:Siger.Middlelayer.CncRepository.Response.ScheduleWoInfo.Uid">
            <summary>
            人员ID
            </summary>
        </member>
        <member name="P:Siger.Middlelayer.CncRepository.Response.ScheduleWoInfo.Reported">
            <summary>
            已报工数量
            </summary>
        </member>
    </members>
</doc>
