<?xml version="1.0"?>
<doc>
    <assembly>
        <name>Siger.ApiWMS</name>
    </assembly>
    <members>
        <member name="T:Siger.ApiWMS.Controllers.AllocationController">
            <summary>
            调拨
            </summary>
        </member>
        <member name="M:Siger.ApiWMS.Controllers.AllocationController.#ctor(Siger.Middlelayer.WmsRepository.Repositories.Interface.Isiger_wms_transfer_order_detailRepository,Siger.Middlelayer.WmsRepository.Repositories.Interface.Isiger_wms_transfer_orderRepository,Siger.Middlelayer.WmsRepository.Repositories.Interface.Isiger_wms_stock_detailRepository,Siger.Middlelayer.Repository.IUnitOfWork,Siger.Middlelayer.WmsRepository.Repositories.Interface.Isiger_wms_storageRepository,Siger.Middlelayer.WmsRepository.Repositories.Interface.Isiger_wms_storage_locationRepository,Siger.Middlelayer.WmsRepository.Repositories.Interface.Isiger_wms_stockRepository)">
            <summary>
            
            </summary>
            <param name="detail"></param>
            <param name="bill"></param>
            <param name="trace"></param>
            <param name="unitOfWork"></param>
            <param name="storage"></param>
            <param name="location"></param>
            <param name="stock"></param>
        </member>
        <member name="M:Siger.ApiWMS.Controllers.AllocationController.AddAllocationBill(Siger.Middlelayer.WmsRepository.Request.RequestAddAllocationBill)">
            <summary>
            新增调拨单
            </summary>
            <returns></returns>
        </member>
        <member name="M:Siger.ApiWMS.Controllers.AllocationController.UpdateAllocationBill(Siger.Middlelayer.WmsRepository.Request.RequestUpdateAllocationBill)">
            <summary>
            更新单据信息
            </summary>
            <returns></returns>
        </member>
        <member name="M:Siger.ApiWMS.Controllers.AllocationController.CheckWaveHousing(Siger.Middlelayer.WmsRepository.Request.RequestCheck)">
            <summary>
            审核
            </summary>
            <returns></returns>
        </member>
        <member name="M:Siger.ApiWMS.Controllers.AllocationController.UnCheckWaveHousing(Siger.Middlelayer.WmsRepository.Request.RequestUncheck)">
            <summary>
            反审
            </summary>
            <returns></returns>
        </member>
        <member name="M:Siger.ApiWMS.Controllers.AllocationController.Delete(Siger.Middlelayer.WmsRepository.Request.RequestDelStorage)">
            <summary>
            删除调拨单
            </summary>
            <param name="req"></param>
            <returns></returns>
        </member>
        <member name="M:Siger.ApiWMS.Controllers.AllocationController.GetBillList(System.Int32,System.Int32,Siger.Middlelayer.Common.ModuleEnum.AlloactionStatu,System.String,System.Int32,System.Int32)">
            <summary>
            查询调拨单
            </summary>
            <param name="fromWavehouseid"></param>
            <param name="toWavehouseid"></param>
            <param name="state"></param>
            <param name="billCode"></param>
            <param name="page"></param>
            <param name="pageSize"></param>
            <returns></returns>
        </member>
        <member name="M:Siger.ApiWMS.Controllers.AllocationController.GetDetails(System.Int32,System.Int32,System.Int32,System.Int32,System.Int32,System.Int32,System.Int32,System.String)">
            <summary>
            获取调拨单详情
            </summary>
            <param name="businessid"></param>
            <param name="id"></param>
            <param name="page"></param>
            <param name="pageSize"></param>
            <param name="start">调拨仓</param>
            <param name="end">目标仓</param>
            <param name="pn">料号</param>
            <param name="showAll"></param>
            <returns></returns>
        </member>
        <member name="M:Siger.ApiWMS.Controllers.AllocationController.Allocation(Siger.Middlelayer.WmsRepository.Request.RequestAllocation)">
            <summary>
            调拨发出
            </summary>
            <returns></returns>
        </member>
        <member name="M:Siger.ApiWMS.Controllers.AllocationController.GetState">
            <summary>
            调拨状态列表
            </summary>
            <returns></returns>
        </member>
        <member name="M:Siger.ApiWMS.Controllers.AllocationController.GetWavehouse(System.Int32)">
            <summary>
            获取所有调拨仓
            </summary>
            <returns></returns>
        </member>
        <member name="M:Siger.ApiWMS.Controllers.AllocationController.GetWavehouseEnd(System.Int32)">
            <summary>
            查询目标仓
            </summary>
            <param name="start"></param>
            <returns></returns>
        </member>
        <member name="M:Siger.ApiWMS.Controllers.AllocationController.GetBillcode(System.Int32,System.Int32)">
            <summary>
            获取单号
            </summary>
            <param name="start"></param>
            <param name="end"></param>
            <returns></returns>
        </member>
        <member name="M:Siger.ApiWMS.Controllers.AllocationController.GetInventorySN(System.String)">
            <summary>
            
            </summary>
            <returns></returns>
        </member>
        <member name="M:Siger.ApiWMS.Controllers.AllocationController.GetAllocationBills(Siger.Middlelayer.Common.ModuleEnum.AlloactionStatu)">
            <summary>
            调拨汇总
            </summary>
            <param name="type"></param>
            <returns></returns>
        </member>
        <member name="T:Siger.ApiWMS.Controllers.AppController">
            <summary>
            APP端接口
            </summary>
        </member>
        <member name="M:Siger.ApiWMS.Controllers.AppController.#ctor(Siger.Middlelayer.WmsRepository.Repositories.Interface.Isiger_wms_stocktake_orderRepository,Siger.Middlelayer.WmsRepository.Repositories.Interface.Isiger_wms_stocktake_order_detailRepository,Siger.Middlelayer.Repository.IUnitOfWork)">
            <summary>
            
            </summary>
            <param name="stocktack"></param>
            <param name="detail"></param>
            <param name="unitOfWork"></param>
        </member>
        <member name="M:Siger.ApiWMS.Controllers.AppController.GetTotalInfo">
            <summary>
            获取汇总数据
            </summary>
            <returns></returns>
        </member>
        <member name="M:Siger.ApiWMS.Controllers.AppController.GetDetail(System.Int32)">
            <summary>
            获取盘点详情
            </summary>
            <returns></returns>
        </member>
        <member name="M:Siger.ApiWMS.Controllers.AppController.UpdateCheck(Siger.Middlelayer.WmsRepository.Request.RequestUpdateCheck)">
            <summary>
            提交盘点记录
            </summary>
            <returns></returns>
        </member>
        <member name="T:Siger.ApiWMS.Controllers.BaseController">
            <summary>
            
            </summary>
        </member>
        <member name="T:Siger.ApiWMS.Controllers.BusinessController">
            <summary>
            供应商
            </summary>
        </member>
        <member name="M:Siger.ApiWMS.Controllers.BusinessController.#ctor(Siger.Middlelayer.Repository.Repositories.Interface.Isiger_wms_bussinese_contactsRepository,Siger.Middlelayer.Repository.Repositories.Interface.Isiger_wms_areaRepository,Siger.Middlelayer.Repository.IUnitOfWork)">
            <summary>
            
            </summary>
            <param name="business"></param>
            <param name="area"></param>
            <param name="unitOfWork"></param>
        </member>
        <member name="M:Siger.ApiWMS.Controllers.BusinessController.GetBusinessList(System.Int32,System.String,Siger.Middlelayer.Common.ModuleEnum.WMSEnum,System.Int32,System.Int32,System.Int32)">
            <summary>
            获取供应商列表、获取客户列表
            </summary>
            <returns></returns>
        </member>
        <member name="M:Siger.ApiWMS.Controllers.BusinessController.GetSupplierNameList(Siger.Middlelayer.Common.ModuleEnum.WMSEnum)">
            <summary>
            供应商名称列表
            </summary>
            <returns></returns>
        </member>
        <member name="M:Siger.ApiWMS.Controllers.BusinessController.GetAreaType(Siger.Middlelayer.Common.ModuleEnum.WMSEnum)">
            <summary>
            获取所有客户类型列表
            </summary>
            <returns></returns>
        </member>
        <member name="M:Siger.ApiWMS.Controllers.BusinessController.GetLastAreaType">
            <summary>
            获取最后一级客户类型列表
            </summary>
            <returns></returns>
        </member>
        <member name="T:Siger.ApiWMS.Controllers.CheckController">
            <summary>
            盘点
            </summary>
        </member>
        <member name="M:Siger.ApiWMS.Controllers.CheckController.#ctor(Siger.Middlelayer.WmsRepository.Repositories.Interface.Isiger_wms_stocktake_orderRepository,Siger.Middlelayer.WmsRepository.Repositories.Interface.Isiger_wms_stocktake_order_detailRepository,Siger.Middlelayer.WmsRepository.Repositories.Interface.Isiger_wms_stock_access_orderRepository,Siger.Middlelayer.WmsRepository.Repositories.Interface.Isiger_wms_stockRepository,Siger.Middlelayer.Repository.IUnitOfWork)">
            <summary>
            
            </summary>
            <param name="stocktack"></param>
            <param name="detail"></param>
            <param name="stockaccess"></param>
            <param name="stock"></param>
            <param name="unitOfWork"></param>
        </member>
        <member name="M:Siger.ApiWMS.Controllers.CheckController.GetBills(Siger.Middlelayer.Common.ModuleEnum.CheckStatu,System.Int32,System.Int32)">
            <summary>
            盘点汇总
            </summary>
            <returns></returns>
        </member>
        <member name="M:Siger.ApiWMS.Controllers.CheckController.GetState">
            <summary>
            盘点状态列表
            </summary>
            <returns></returns>
        </member>
        <member name="M:Siger.ApiWMS.Controllers.CheckController.GetBillList(System.Int32,Siger.Middlelayer.Common.ModuleEnum.CheckStatu,System.String,System.Int32,System.Int32)">
            <summary>
            获取单据表头信息
            </summary>
            <param name="storageid">仓库名称</param>
            <param name="type">状态</param>
            <param name="sn">单号</param>
            <param name="page"></param>
            <param name="pageSize"></param>
            <returns></returns>
        </member>
        <member name="M:Siger.ApiWMS.Controllers.CheckController.GetBillDetail(System.Int32,System.Int32,System.Int32)">
            <summary>
            根据单据获取详情
            </summary>
            <returns></returns>
        </member>
        <member name="M:Siger.ApiWMS.Controllers.CheckController.GetBillCode">
            <summary>
            获取单据号
            </summary>
            <returns></returns>
        </member>
        <member name="M:Siger.ApiWMS.Controllers.CheckController.AddCheckBill(Siger.Middlelayer.WmsRepository.Request.RequestAddCheckBill)">
            <summary>
            新增盘点单
            </summary>
            <returns></returns>
        </member>
        <member name="M:Siger.ApiWMS.Controllers.CheckController.UpdateBill(Siger.Middlelayer.WmsRepository.Response.RequestUpdateCheckBill)">
            <summary>
            更新单据信息
            </summary>
            <returns></returns>
        </member>
        <member name="M:Siger.ApiWMS.Controllers.CheckController.DeleteBill(Siger.Middlelayer.WmsRepository.Request.RequestDelBusiness)">
            <summary>
            删除盘点单
            </summary>
            <returns></returns>
        </member>
        <member name="M:Siger.ApiWMS.Controllers.CheckController.CheckWaveHousing(Siger.Middlelayer.WmsRepository.Request.RequestCheck)">
            <summary>
            审核
            </summary>
            <returns></returns>
        </member>
        <member name="M:Siger.ApiWMS.Controllers.CheckController.UnCheckWaveHousing(Siger.Middlelayer.WmsRepository.Request.RequestUncheck)">
            <summary>
            反审
            </summary>
            <returns></returns>
        </member>
        <member name="M:Siger.ApiWMS.Controllers.CheckController.Manual(Siger.Middlelayer.WmsRepository.Request.RequestManual)">
            <summary>
            盘点手动完成
            </summary>
            <returns></returns>
        </member>
        <member name="M:Siger.ApiWMS.Controllers.CheckController.GetCheckSummary(System.Int32,System.DateTime,System.DateTime,System.Int32,System.Int32,Siger.Middlelayer.Common.ModuleEnum.CheckedStatu)">
            <summary>
            报表->盘点单据信息汇总
            </summary>
            <param name="storageid"></param>
            <param name="start"></param>
            <param name="end"></param>
            <param name="page"></param>
            <param name="pageSize"></param>
            <param name="state">1 盘亏、0 盘盈</param>
            <returns></returns>
        </member>
        <member name="M:Siger.ApiWMS.Controllers.CheckController.ExportCheckSummary(System.Int32,System.DateTime,System.DateTime,System.Int32,System.Int32,Siger.Middlelayer.Common.ModuleEnum.CheckedStatu)">
            <summary>
            报表->盘点单据信息导出
            </summary>
            <param name="storageid"></param>
            <param name="start"></param>
            <param name="end"></param>
            <param name="page"></param>
            <param name="pageSize"></param>
            <param name="state">1 盘亏、0 盘盈</param>
            <returns></returns>
        </member>
        <member name="T:Siger.ApiWMS.Controllers.CollarUseController">
            <summary>
            领用归还
            </summary>
        </member>
        <member name="M:Siger.ApiWMS.Controllers.CollarUseController.#ctor(Siger.Middlelayer.WmsRepository.Repositories.Interface.Isiger_wms_receive_useRepository,Siger.Middlelayer.WmsRepository.Repositories.Interface.Isiger_wms_receive_useRepository,Siger.Middlelayer.Repository.IUnitOfWork)">
            <summary>
            
            </summary>
            <param name="storage"></param>
            <param name="use"></param>
            <param name="unitOfWork"></param>
        </member>
        <member name="M:Siger.ApiWMS.Controllers.CollarUseController.GetCollarUesList(Siger.Middlelayer.Common.ModuleEnum.UseType,System.String,System.DateTime,System.DateTime,System.Int32,System.Int32)">
            <summary>
            领用归还列表
            </summary>
            <param name="type"></param>
            <param name="sn"></param>
            <param name="start"></param>
            <param name="end"></param>
            <param name="page"></param>
            <param name="pageSize"></param>
            <returns></returns>
        </member>
        <member name="M:Siger.ApiWMS.Controllers.CollarUseController.Use(Siger.Middlelayer.WmsRepository.Request.RequestCollarUse)">
            <summary>
            领用
            </summary>
            <param name="req"></param>
            <returns></returns>
        </member>
        <member name="M:Siger.ApiWMS.Controllers.CollarUseController.SendBack(Siger.Middlelayer.WmsRepository.Request.RequesetSendBack)">
            <summary>
            归还
            </summary>
            <param name="req"></param>
            <returns></returns>
        </member>
        <member name="M:Siger.ApiWMS.Controllers.CollarUseController.GetNameList">
            <summary>
            物料列表
            </summary>
            <returns></returns>
        </member>
        <member name="M:Siger.ApiWMS.Controllers.InventoryController.#ctor(Siger.Middlelayer.WmsRepository.Repositories.Interface.Isiger_wms_stockRepository)">
            <summary>
            
            </summary>
            <param name="stock"></param>
        </member>
        <member name="M:Siger.ApiWMS.Controllers.InventoryController.GetInventoryList(System.Int32)">
            <summary>
            
            </summary>
            <returns></returns>
        </member>
        <member name="M:Siger.ApiWMS.Controllers.InventoryController.GetBusinessList(System.Int32)">
            <summary>
            供应商列表
            </summary>
            <returns></returns>
        </member>
        <member name="M:Siger.ApiWMS.Controllers.InventoryController.GetInventoryListByName(System.String,System.Int32,System.Int32)">
            <summary>
            查询物料信息
            </summary>
            <param name="pn"></param>
            <param name="businessId"></param>
            <param name="count">取多少条记录</param>
            <returns></returns>
        </member>
        <member name="T:Siger.ApiWMS.Controllers.LocationController">
            <summary>
            
            </summary>
        </member>
        <member name="M:Siger.ApiWMS.Controllers.LocationController.#ctor(Siger.Middlelayer.WmsRepository.Repositories.Interface.Isiger_wms_storage_location_typeRepository,Siger.Middlelayer.WmsRepository.Repositories.Interface.Isiger_wms_stock_detailRepository,Siger.Middlelayer.WmsRepository.Repositories.Interface.Isiger_wms_storage_typeRepository,Siger.Middlelayer.WmsRepository.Repositories.Interface.Isiger_wms_storage_location_typeRepository,Siger.Middlelayer.WmsRepository.Repositories.Interface.Isiger_wms_storage_locationRepository,Siger.Middlelayer.WmsRepository.Repositories.Interface.Isiger_wms_storageRepository,Siger.Middlelayer.WmsRepository.Repositories.Interface.Isiger_wms_stockRepository,Siger.Middlelayer.WmsRepository.Repositories.Interface.Isiger_wms_stock_access_order_detailRepository,Siger.Middlelayer.Repository.IUnitOfWork)">
            <summary>
            
            </summary>
            <param name="locationType"></param>
            <param name="trace"></param>
            <param name="waveHouseType"></param>
            <param name="locationtype"></param>
            <param name="location"></param>
            <param name="storage"></param>
            <param name="stock"></param>
            <param name="orderdetail"></param>
            <param name="unitOfWork"></param>
        </member>
        <member name="M:Siger.ApiWMS.Controllers.LocationController.GetLocationTypeList(System.Int32,System.Int32)">
            <summary>
            获取储位类别列表
            </summary>
            <param name="page"></param>
            <param name="pageSize"></param>
            <returns></returns>
        </member>
        <member name="M:Siger.ApiWMS.Controllers.LocationController.GetLocationTypeListNoPage">
            <summary>
            
            </summary>
            <returns></returns>
        </member>
        <member name="M:Siger.ApiWMS.Controllers.LocationController.AddLocationType(Siger.Middlelayer.WmsRepository.Request.RequestAddLocationType)">
            <summary>
            新增储位类别
            </summary>
            <returns></returns>
        </member>
        <member name="M:Siger.ApiWMS.Controllers.LocationController.UpdateLocationType(Siger.Middlelayer.WmsRepository.Request.RequestUpdateLocationType)">
            <summary>
            更新储位类别
            </summary>
            <returns></returns>
        </member>
        <member name="M:Siger.ApiWMS.Controllers.LocationController.DelLocationType(Siger.Middlelayer.WmsRepository.Request.RequestDelLocationType)">
            <summary>
            删除储位类别
            </summary>
            <returns></returns>
        </member>
        <member name="M:Siger.ApiWMS.Controllers.LocationController.GetLocationTypeTree">
            <summary>
            储位类别树
            </summary>
            <returns></returns>
        </member>
        <member name="M:Siger.ApiWMS.Controllers.LocationController.GetLocationList(System.Int32,System.Int32,System.Int32,System.Int32)">
            <summary>
            储位列表
            </summary>
            <returns></returns>
        </member>
        <member name="M:Siger.ApiWMS.Controllers.LocationController.GetLastLocation(System.Int32,System.Int32)">
            <summary>
            
            </summary>
            <returns></returns>
        </member>
        <member name="M:Siger.ApiWMS.Controllers.LocationController.DelLocation(Siger.Middlelayer.WmsRepository.Request.RequestDelBusiness)">
            <summary>
            删除储位
            </summary>
            <param name="req"></param>
            <returns></returns>
        </member>
        <member name="M:Siger.ApiWMS.Controllers.LocationController.AddLocation(Siger.Middlelayer.WmsRepository.Request.RequestAddLocation)">
            <summary>
            新增
            </summary>
            <returns></returns>
        </member>
        <member name="M:Siger.ApiWMS.Controllers.LocationController.UpdateLocation(Siger.Middlelayer.WmsRepository.Request.RequestUpdateLocation)">
            <summary>
            更新
            </summary>
            <returns></returns>
        </member>
        <member name="M:Siger.ApiWMS.Controllers.LocationController.DownloadTemplate">
            <summary>
            储位模板下载
            </summary>
            <returns></returns>
        </member>
        <member name="M:Siger.ApiWMS.Controllers.LocationController.GetTitle">
            <summary>
            
            </summary>
            <returns></returns>
        </member>
        <member name="M:Siger.ApiWMS.Controllers.LocationController.GetExcelTitle">
            <summary>
            模板标题
            </summary>
            <returns></returns>
        </member>
        <member name="M:Siger.ApiWMS.Controllers.LocationController.ImportLocation(Microsoft.AspNetCore.Http.IFormFile)">
            <summary>
            导入储位
            </summary>
            <returns></returns>
        </member>
        <member name="M:Siger.ApiWMS.Controllers.LocationController.ExportLocation">
            <summary>
            导出储位
            </summary>
            <returns></returns>
        </member>
        <member name="M:Siger.ApiWMS.Controllers.LocationController.ChangeLocation(Siger.Middlelayer.WmsRepository.Request.RequestChangeLocation)">
            <summary>
            库存变更
            </summary>
            <param name="req"></param>
            <returns></returns>
        </member>
        <member name="M:Siger.ApiWMS.Controllers.LocationController.GetInventory(System.Int32,System.String,System.Int32,System.String,System.Int32,System.Int32,System.Int32)">
            <summary>
            获取在库的物料信息
            </summary>
            <param name="businessid"></param>
            <param name="pn"></param>
            <param name="type">物料管理模式:批量、批次、序号</param>
            <param name="filter"></param>
            <param name="locationid"></param>
            <param name="page"></param>
            <param name="pageSize"></param>
            <returns></returns>
        </member>
        <member name="M:Siger.ApiWMS.Controllers.LocationController.GetInventoryWithoutNo(System.Int32,System.String,System.Int32,System.Int32,System.Int32)">
            <summary>
            库存调整列表
            </summary>
            <param name="businessid"></param>
            <param name="filter"></param>
            <param name="locationid"></param>
            <param name="page"></param>
            <param name="pageSize"></param>
            <returns></returns>
        </member>
        <member name="T:Siger.ApiWMS.Controllers.PrintController">
            <summary>
            打印相关功能
            </summary>
        </member>
        <member name="M:Siger.ApiWMS.Controllers.PrintController.#ctor(Siger.Middlelayer.WmsRepository.Repositories.Interface.Isiger_wms_storageRepository,Siger.Middlelayer.WmsRepository.Repositories.Interface.Isiger_wms_stock_access_orderRepository,Siger.Middlelayer.WmsRepository.Repositories.Interface.Isiger_wms_stock_access_order_detailRepository,Siger.Middlelayer.Repository.Repositories.Interface.Isiger_wms_bussinese_contactsRepository,Siger.Middlelayer.WmsRepository.Repositories.Interface.Isiger_wms_storage_locationRepository,Siger.Middlelayer.WmsRepository.Repositories.Interface.Isiger_wms_storage_location_typeRepository)">
            <summary>
            
            </summary>
            <param name="storage"></param>
            <param name="order"></param>
            <param name="detail"></param>
            <param name="business"></param>
            <param name="location"></param>
            <param name="locationtype"></param>
        </member>
        <member name="M:Siger.ApiWMS.Controllers.PrintController.GetBillInfo(System.String)">
            <summary>
            单据信息
            </summary>
            <param name="billCode"></param>
            <returns></returns>
        </member>
        <member name="M:Siger.ApiWMS.Controllers.PrintController.GetWavehousingQRCode(Siger.Middlelayer.Common.ModuleEnum.managemodel,System.Int32)">
            <summary>
            
            </summary>
            <param name="type"></param>
            <param name="id">出入库单详情id</param>
            <returns></returns>
        </member>
        <member name="M:Siger.ApiWMS.Controllers.PrintController.GetLocation(System.Int32)">
            <summary>
            储位信息二维码
            </summary>
            <param name="id"></param>
            <returns></returns>
        </member>
        <member name="M:Siger.ApiWMS.Controllers.PrintController.Arrange(System.Collections.Generic.List{System.String},System.Collections.Generic.List{System.String})">
            <summary>
            按照title-value整理
            </summary>
            <param name="titles"></param>
            <param name="tmp"></param>
        </member>
        <member name="T:Siger.ApiWMS.Controllers.StockAlarmController">
            <summary>
            
            </summary>
        </member>
        <member name="M:Siger.ApiWMS.Controllers.StockAlarmController.#ctor(Siger.Middlelayer.Repository.IUnitOfWork,Siger.Middlelayer.WmsRepository.Repositories.Interface.Isiger_wms_stock_alarmRepository,Siger.Middlelayer.WmsRepository.Repositories.Interface.Isiger_wms_stockRepository)">
            <summary>
            
            </summary>
            <param name="unitOfWork"></param>
            <param name="AlarmRepository"></param>
            <param name="StockRepository"></param>
        </member>
        <member name="M:Siger.ApiWMS.Controllers.StockAlarmController.GetPagedList(System.String,System.Int32,System.Int32)">
            <summary>
            获取分页列表
            </summary>
            <returns></returns>
        </member>
        <member name="T:Siger.ApiWMS.Controllers.StockController">
            <summary>
            
            </summary>
        </member>
        <member name="M:Siger.ApiWMS.Controllers.StockController.#ctor(Siger.Middlelayer.Repository.IUnitOfWork,Siger.Middlelayer.WmsRepository.Repositories.Interface.Isiger_wms_stock_detailRepository,Siger.Middlelayer.WmsRepository.Repositories.Interface.Isiger_wms_stock_access_orderRepository,Siger.Middlelayer.WmsRepository.Repositories.Interface.Isiger_wms_stock_access_order_detailRepository,Siger.Middlelayer.WmsRepository.Repositories.Interface.Isiger_wms_stockRepository,Siger.Middlelayer.WmsRepository.Repositories.Interface.Isiger_wms_storage_locationRepository,Siger.Middlelayer.WmsRepository.Repositories.Interface.Isiger_wms_storage_location_typeRepository,Siger.Middlelayer.WmsRepository.Repositories.Interface.Isiger_wms_stock_quantity_change_historyRepository,Siger.Middlelayer.WmsRepository.Repositories.Interface.Isiger_wms_stocktake_orderRepository,Siger.Middlelayer.Repository.Repositories.Interface.ISigerProjectUserRepository)">
            <summary>
            
            </summary>
            <param name="unitOfWork"></param>
            <param name="trace"></param>
            <param name="order"></param>
            <param name="orderdetail"></param>
            <param name="stock"></param>
            <param name="location"></param>
            <param name="locationType"></param>
            <param name="quantityChange"></param>
            <param name="stocktake"></param>
            <param name="userRepository"></param>
        </member>
        <member name="M:Siger.ApiWMS.Controllers.StockController.GetBillList(System.Int32,Siger.Middlelayer.Common.ModuleEnum.WaveHouseType,System.Int32,System.Int32,System.String,System.Int32,System.String,System.DateTime,System.DateTime,System.Int32,System.Int32)">
            <summary>
            获取出入库单详情
            </summary>
            <returns></returns>
        </member>
        <member name="M:Siger.ApiWMS.Controllers.StockController.GetBillTrace(System.Int32,Siger.Middlelayer.Common.ModuleEnum.traceType,System.String,System.String,System.Int32,System.Int32)">
            <summary>
            出入库记录详情
            </summary>
            <param name="businessID"></param>
            <param name="type">trace类型</param>
            <param name="billCode"></param>
            <param name="inventorySN"></param>
            <param name="page"></param>
            <param name="pageSize"></param>
            <returns></returns>
        </member>
        <member name="M:Siger.ApiWMS.Controllers.StockController.CheckIn(Siger.Middlelayer.WmsRepository.Request.RequestWaveHousing)">
            <summary>
            TODO迭代
            入库
            </summary>
            <returns></returns>
        </member>
        <member name="M:Siger.ApiWMS.Controllers.StockController.CheckOut(Siger.Middlelayer.WmsRepository.Request.RequestBatchOut)">
            <summary>
            出库
            </summary>
            <returns></returns>
        </member>
        <member name="M:Siger.ApiWMS.Controllers.StockController.GetStockByInvantory(System.Int32,System.String,System.String,Siger.Middlelayer.Common.ModuleEnum.managemodel,System.String,Siger.Middlelayer.Common.ModuleEnum.traceType)">
            <summary>
            
            </summary>
            <param name="businessID"></param>
            <param name="billCode"></param>
            <param name="invantorysn"></param>
            <param name="type"></param>
            <param name="filter"></param>
            <param name="billType">单据类型</param>
            <returns></returns>
        </member>
        <member name="M:Siger.ApiWMS.Controllers.StockController.GetStockList(System.Int32,System.String,System.String,System.Int32,System.String,System.Int32,System.Int32,System.Int32)">
            <summary>
            获取库存数据
            </summary>
            <param name="businessid"></param>
            <param name="batch"></param>
            <param name="no"></param>
            <param name="storageid"></param>
            <param name="invantorysn"></param>
            <param name="locationid"></param>
            <param name="page"></param>
            <param name="pageSize"></param>~
            <returns></returns>
        </member>
        <member name="M:Siger.ApiWMS.Controllers.StockController.ChangeStockNumber(Siger.Middlelayer.WmsRepository.Request.RequestChangeStockNumbewr)">
            <summary>
            库存调整
            </summary>
            <param name="req"></param>
            <returns></returns>
        </member>
        <member name="M:Siger.ApiWMS.Controllers.StockController.GetChangeHistory(System.Int32,System.Int32,System.String,System.Int32,System.Int32)">
            <summary>
            
            </summary>
            <param name="businessid"></param>
            <param name="locationid"></param>
            <param name="sn"></param>
            <param name="page"></param>
            <param name="pageSize"></param>
            <returns></returns>
        </member>
        <member name="M:Siger.ApiWMS.Controllers.StockController.StockInTotal(Siger.Middlelayer.WmsRepository.Request.RequestStock)">
            <summary>
             入库汇总
            </summary>
            <param name="requestStock"></param>
            <returns></returns>
        </member>
        <member name="M:Siger.ApiWMS.Controllers.StockController.ExportStockInTotal(System.Int32,System.Int32,System.String,System.String)">
            <summary>
            
            </summary>
            <param name="tId"></param>
            <param name="wid"></param>
            <param name="start"></param>
            <param name="end"></param>
            <returns></returns>
        </member>
        <member name="M:Siger.ApiWMS.Controllers.StockController.StockInDetails(Siger.Middlelayer.WmsRepository.Request.RequestStock)">
            <summary>
            入库库明细
            </summary>
            <param name="requestStock"></param>
            <returns></returns>
        </member>
        <member name="M:Siger.ApiWMS.Controllers.StockController.StockOutTotal(Siger.Middlelayer.WmsRepository.Request.RequestStock)">
            <summary>
             出库汇总
            </summary>
            <param name="requestStock"></param>
            <returns></returns>
        </member>
        <member name="M:Siger.ApiWMS.Controllers.StockController.StockOutDetails(Siger.Middlelayer.WmsRepository.Request.RequestStock)">
            <summary>
            出库明细
            </summary>
            <param name="requestStock"></param>
            <returns></returns>
        </member>
        <member name="M:Siger.ApiWMS.Controllers.StockController.StockSummary(System.Int32,System.Int32,System.Int32)">
            <summary>
            库存汇总
            </summary>
            <returns></returns>
        </member>
        <member name="M:Siger.ApiWMS.Controllers.StockController.ExportStockSummary(System.Int32)">
            <summary>
            库存汇总导出
            </summary>
            <param name="id"></param>
            <returns></returns>
        </member>
        <member name="M:Siger.ApiWMS.Controllers.StockController.ExportStockDetails(System.Int32,System.Int32,System.String,System.Int32)">
            <summary>
            库存详情
            </summary>
            <param name="businessid"></param>
            <param name="storageid"></param>
            <param name="invantorysn"></param>
            <param name="locationid"></param>
            <returns></returns>
        </member>
        <member name="M:Siger.ApiWMS.Controllers.StockController.GetStockChangeHistory(System.Int32,System.String,System.DateTime,System.DateTime)">
            <summary>
            入库图表
            </summary>
            <param name="storageid"></param>
            <param name="sn"></param>
            <param name="start"></param>
            <param name="end"></param>
            <returns></returns>
        </member>
        <member name="M:Siger.ApiWMS.Controllers.StockController.GetStockOutChangeHistory(System.Int32,System.String,System.DateTime,System.DateTime)">
            <summary>
            出库图表
            </summary>
            <param name="storageid"></param>
            <param name="sn"></param>
            <param name="start"></param>
            <param name="end"></param>
            <returns></returns>
        </member>
        <member name="M:Siger.ApiWMS.Controllers.StockController.GetQRInfo(System.String,Siger.Middlelayer.Common.ModuleEnum.managemodel)">
            <summary>
            标签补印
            </summary>
            <param name="value"></param>
            <param name="type"></param>
            <returns></returns>
        </member>
        <member name="T:Siger.ApiWMS.Controllers.StockHistoryController">
            <summary>
            库存操作历史
            </summary>
        </member>
        <member name="M:Siger.ApiWMS.Controllers.StockHistoryController.#ctor(Siger.Middlelayer.WmsRepository.Repositories.Interface.Isiger_wms_stock_detailRepository,Siger.Middlelayer.WmsRepository.Repositories.Interface.Isiger_wms_stock_changeRepository)">
            <summary>
            
            </summary>
            <param name="trace"></param>
            <param name="changeHistory"></param>
        </member>
        <member name="M:Siger.ApiWMS.Controllers.StockHistoryController.GetStockDetails(System.String,Siger.Middlelayer.Common.ModuleEnum.SearchType,System.String,System.String,System.Int32,System.Int32)">
            <summary>
            库存详情
            </summary>
            <param name="filter"></param>
            <param name="type"></param>
            <param name="start"></param>
            <param name="end"></param>
            <param name="page"></param>
            <param name="pageSize"></param>
            <returns></returns>
        </member>
        <member name="M:Siger.ApiWMS.Controllers.StockHistoryController.ExportStockDetails(System.String,Siger.Middlelayer.Common.ModuleEnum.SearchType,System.String,System.String)">
            <summary>
            导出库存详情
            </summary>
            <param name="filter"></param>
            <param name="type"></param>
            <param name="start"></param>
            <param name="end"></param>
            <returns></returns>
        </member>
        <member name="M:Siger.ApiWMS.Controllers.StockHistoryController.GetStockChangeChart(System.Int32,System.Int32,System.String,System.String)">
            <summary>
            库存变化图表
            </summary>
            <param name="storage"></param>
            <param name="materialid"></param>
            <param name="start"></param>
            <param name="end"></param>
            <returns></returns>
        </member>
        <member name="T:Siger.ApiWMS.Controllers.SystemController">
            <summary>
            系统设置
            </summary>
        </member>
        <member name="M:Siger.ApiWMS.Controllers.SystemController.#ctor(Siger.Middlelayer.WmsRepository.Repositories.Interface.Isiger_wms_settingsRepository,Siger.Middlelayer.WmsRepository.Repositories.Interface.Isiger_wms_idRepository,Siger.Middlelayer.Repository.IUnitOfWork)">
            <summary>
            
            </summary>
            <param name="setting"></param>
            <param name="idRepository"></param>
            <param name="unitofwork"></param>
        </member>
        <member name="M:Siger.ApiWMS.Controllers.SystemController.UpdateSettings">
            <summary>
            
            </summary>
            <returns></returns>
        </member>
        <member name="M:Siger.ApiWMS.Controllers.SystemController.GetSettings">
            <summary>
            
            </summary>
            <returns></returns>
        </member>
        <member name="M:Siger.ApiWMS.Controllers.SystemController.GetBillID(Siger.Middlelayer.Common.ModuleEnum.Settings)">
            <summary>
            获取单据号
            </summary>
            <param name="data"></param>
            <returns></returns>
        </member>
        <member name="M:Siger.ApiWMS.Controllers.SystemController.Set(Siger.Middlelayer.WmsRepository.Request.RequestAddSetting)">
            <summary>
            
            </summary>
            <param name="req"></param>
            <returns></returns>
        </member>
        <member name="T:Siger.ApiWMS.Controllers.WaveHouseController">
            <summary>
            仓库
            </summary>
        </member>
        <member name="M:Siger.ApiWMS.Controllers.WaveHouseController.#ctor(Siger.Middlelayer.WmsRepository.Repositories.Interface.Isiger_wms_storageRepository,Siger.Middlelayer.WmsRepository.Repositories.Interface.Isiger_wms_storage_location_typeRepository,Siger.Middlelayer.WmsRepository.Repositories.Interface.Isiger_wms_stockRepository,Siger.Middlelayer.WmsRepository.Repositories.Interface.Isiger_wms_storage_typeRepository,Siger.Middlelayer.WmsRepository.Repositories.Interface.Isiger_wms_storage_locationRepository,Siger.Middlelayer.Repository.IUnitOfWork)">
            <summary>
            
            </summary>
            <param name="storage"></param>
            <param name="locationtype"></param>
            <param name="stock"></param>
            <param name="waveHouseType"></param>
            <param name="location"></param>
            <param name="unitOfWork"></param>
        </member>
        <member name="M:Siger.ApiWMS.Controllers.WaveHouseController.GetWaveHouseList(System.String,System.Int32,System.Int32,System.Int32)">
            <summary>
            获取仓库列表
            </summary>
            <returns></returns>
        </member>
        <member name="M:Siger.ApiWMS.Controllers.WaveHouseController.AddStorage(Siger.Middlelayer.WmsRepository.Request.RequestAddStorage)">
            <summary>
            新增仓库
            </summary>
            <returns></returns>
        </member>
        <member name="M:Siger.ApiWMS.Controllers.WaveHouseController.UpdateStorage(Siger.Middlelayer.WmsRepository.Request.RequestUpdateStorage)">
            <summary>
            更新仓库
            </summary>
            <returns></returns>
        </member>
        <member name="M:Siger.ApiWMS.Controllers.WaveHouseController.DelStorage(Siger.Middlelayer.WmsRepository.Request.RequestDelStorage)">
            <summary>
            删除仓库
            </summary>
            <returns></returns>
        </member>
        <member name="M:Siger.ApiWMS.Controllers.WaveHouseController.ExportStorage(System.String,System.Int32)">
            <summary>
            导出仓库列表
            </summary>
            <param name="name"></param>
            <param name="typeid"></param>
            <returns></returns>
        </member>
        <member name="M:Siger.ApiWMS.Controllers.WaveHouseController.ImportStorage(Microsoft.AspNetCore.Http.IFormFile)">
            <summary>
            .导入仓库TODO重构
            </summary>
            <param name="file"></param>
            <returns></returns>
        </member>
        <member name="M:Siger.ApiWMS.Controllers.WaveHouseController.GetStockList(System.String,System.Int32,System.Int32)">
            <summary>
            获取物料列表
            </summary>
            <param name="name"></param>
            <param name="page"></param>
            <param name="pageSize"></param>
            <returns></returns>
        </member>
        <member name="M:Siger.ApiWMS.Controllers.WaveHouseController.GetWaveHouseTypeTree">
            <summary>
            获取仓库类别树
            </summary>
            <returns></returns>
        </member>
        <member name="M:Siger.ApiWMS.Controllers.WaveHouseController.GetWaveHouseTypeList(System.Int32,System.Int32)">
            <summary>
            仓库类别列表
            </summary>
            <returns></returns>
        </member>
        <member name="M:Siger.ApiWMS.Controllers.WaveHouseController.AddStorageType(Siger.Middlelayer.WmsRepository.Request.RequestAddsiger_wms_storage_type)">
            <summary>
            新增仓库类别
            </summary>
            <returns></returns>
        </member>
        <member name="M:Siger.ApiWMS.Controllers.WaveHouseController.UpdateStorageType(Siger.Middlelayer.WmsRepository.Request.RequestUpdatesiger_wms_storage_type)">
            <summary>
            更新
            </summary>
            <returns></returns>
        </member>
        <member name="M:Siger.ApiWMS.Controllers.WaveHouseController.DelStorageType(Siger.Middlelayer.WmsRepository.Request.RequestDelsiger_wms_storage_type)">
            <summary>
            删除
            </summary>
            <returns></returns>
        </member>
        <member name="M:Siger.ApiWMS.Controllers.WaveHouseController.GetWaveHouseTypeName">
            <summary>
            获取仓库类型名称
            </summary>
            <returns></returns>
        </member>
        <member name="M:Siger.ApiWMS.Controllers.WaveHouseController.GetWaveHouseNameList">
            <summary>
            
            </summary>
            <returns></returns>
        </member>
        <member name="T:Siger.ApiWMS.Controllers.WaveHousingController">
            <summary>
            入库单、出库单管理
            </summary>
        </member>
        <member name="M:Siger.ApiWMS.Controllers.WaveHousingController.#ctor(Siger.Middlelayer.Repository.IUnitOfWork,Siger.Middlelayer.WmsRepository.Repositories.Interface.Isiger_wms_stock_access_orderRepository,Siger.Middlelayer.WmsRepository.Repositories.Interface.Isiger_wms_stock_access_order_detailRepository)">
            <summary>
            
            </summary>
            <param name="unitOfWork"></param>
            <param name="order"></param>
            <param name="orderdetail"></param>
        </member>
        <member name="M:Siger.ApiWMS.Controllers.WaveHousingController.GetWaveHousingBills(Siger.Middlelayer.Common.ModuleEnum.WaveHouseType,Siger.Middlelayer.Common.ModuleEnum.WaveHousingState,System.Int32,System.Int32)">
            <summary>
            入库单汇总
            </summary>
            <returns></returns>
        </member>
        <member name="M:Siger.ApiWMS.Controllers.WaveHousingController.GetBillCodes(Siger.Middlelayer.Common.ModuleEnum.WaveHouseType,System.Int32)">
            <summary>
            获取单号列表
            </summary>
            <param name="type"></param>
            <param name="storageid"></param>
            <returns></returns>
        </member>
        <member name="M:Siger.ApiWMS.Controllers.WaveHousingController.GetInventoryNameList(Siger.Middlelayer.Common.ModuleEnum.WaveHouseType,System.String,System.String,System.Int32)">
            <summary>
            物料列表
            </summary>
            <param name="type"></param>
            <param name="billCode"></param>
            <param name="pn"></param>
            <param name="count"></param>
            <returns></returns>
        </member>
        <member name="M:Siger.ApiWMS.Controllers.WaveHousingController.GetList(Siger.Middlelayer.Common.ModuleEnum.WaveHouseType,Siger.Middlelayer.Common.ModuleEnum.WaveHousingType,System.Int32,Siger.Middlelayer.Common.ModuleEnum.WaveHousingState,System.String,System.String,System.DateTime,System.DateTime,System.Int32,System.Int32)">
            <summary>
            入库单管理列表
            </summary>
            <param name="bill">出库、入库</param>
            <param name="waveHouseType">类型</param>
            <param name="waveHouseID">仓库名称</param>
            <param name="state">状态</param>
            <param name="billCode">单号</param>
            <param name="originBillCode"></param>
            <param name="start"></param>
            <param name="end"></param>
            <param name="page"></param>
            <param name="pageSize"></param>
            <returns></returns>
        </member>
        <member name="M:Siger.ApiWMS.Controllers.WaveHousingController.GetWavehousingState">
            <summary>
            入库状态列表
            </summary>
            <returns></returns>
        </member>
        <member name="M:Siger.ApiWMS.Controllers.WaveHousingController.GetWavehouseOutState">
            <summary>
            出库状态列表
            </summary>
            <returns></returns>
        </member>
        <member name="M:Siger.ApiWMS.Controllers.WaveHousingController.GetDepartmentList">
            <summary>
            获取部门列表
            </summary>
            <returns></returns>
        </member>
        <member name="M:Siger.ApiWMS.Controllers.WaveHousingController.GetWavehousingTypeList">
            <summary>
            获取入库类型
            </summary>
            <returns></returns>
        </member>
        <member name="M:Siger.ApiWMS.Controllers.WaveHousingController.GetWavehouseOutTypeList">
            <summary>
            获取出库类型
            </summary>
            <returns></returns>
        </member>
        <member name="M:Siger.ApiWMS.Controllers.WaveHousingController.DeleteBill(Siger.Middlelayer.WmsRepository.Request.RequestDelBusiness)">
            <summary>
            删除出入库单
            </summary>
            <returns></returns>
        </member>
        <member name="M:Siger.ApiWMS.Controllers.WaveHousingController.AddBill(Siger.Middlelayer.WmsRepository.Request.RequestAddBill)">
            <summary>
            新增出入库单
            </summary>
            <returns></returns>
        </member>
        <member name="M:Siger.ApiWMS.Controllers.WaveHousingController.GetInventoryInfo(System.String,System.Int32,System.Int32)">
            <summary>
            获取物料信息
            </summary>
            <param name="pn"></param>
            <param name="storage"></param>
            <param name="businessid"></param>
            <returns></returns>
        </member>
        <member name="M:Siger.ApiWMS.Controllers.WaveHousingController.UpdateBill(Siger.Middlelayer.WmsRepository.Request.RequestUpdateBill)">
            <summary>
            更新单据信息
            </summary>
            <returns></returns>
        </member>
        <member name="M:Siger.ApiWMS.Controllers.WaveHousingController.CheckWaveHousing(Siger.Middlelayer.WmsRepository.Request.RequestCheck)">
            <summary>
            审核
            </summary>
            <returns></returns>
        </member>
        <member name="M:Siger.ApiWMS.Controllers.WaveHousingController.UnCheckWaveHousing(Siger.Middlelayer.WmsRepository.Request.RequestUncheck)">
            <summary>
            反审
            </summary>
            <returns></returns>
        </member>
        <member name="M:Siger.ApiWMS.Controllers.WaveHousingController.GetOriginOrderNumbers(System.Int32)">
            <summary>
            获取原始单号列表
            </summary>
            <returns></returns>
        </member>
        <member name="M:Siger.ApiWMS.Utility.CheckPage(System.Int32,System.Int32)">
            <summary>
            
            </summary>
            <param name="page"></param>
            <param name="pageSize"></param>
        </member>
        <member name="M:Siger.ApiWMS.Utility.ConvertToTree(System.Collections.Generic.IEnumerable{Siger.Middlelayer.Repository.Data.LevelSectionTree})">
            <summary>
            
            </summary>
            <param name="models"></param>
            <returns></returns>
        </member>
        <member name="M:Siger.ApiWMS.Utility.GetPath(System.String)">
            <summary>
            
            </summary>
            <param name="temporaryFileName"></param>
        </member>
        <member name="M:Siger.ApiWMS.Utility.GetExcelFileName(System.String)">
            <summary>
            
            </summary>
            <returns></returns>
        </member>
        <member name="M:Siger.ApiWMS.Utility.GetExcelFileDisplayName(System.String)">
            <summary>
            
            </summary>
            <returns></returns>
        </member>
        <member name="M:Siger.ApiWMS.Utility.GetExcelTmpFileName(System.String,System.String)">
            <summary>
            
            </summary>
            <returns></returns>
        </member>
        <member name="M:Siger.ApiWMS.Utility.GenLocationSerialNumber(System.Int32,System.Int32,System.Int32,System.Int32,System.Int32)">
            <summary>
            生成储位编号
            </summary>
            <param name="wavehouse"></param>
            <param name="area"></param>
            <param name="shelves"></param>
            <param name="layer"></param>
            <param name="location"></param>
            <returns></returns>
        </member>
        <member name="M:Siger.ApiWMS.Utility.GetExportFileName(System.String)">
            <summary>
            获取导出文件名称
            </summary>
            <param name="baseName"></param>
            <returns></returns>
        </member>
    </members>
</doc>
